sigle-atom,MagpieData minimum MendeleevNumber,MagpieData range MendeleevNumber,MagpieData mean MendeleevNumber,MagpieData mean MeltingT,MagpieData avg_dev MeltingT,MagpieData range Column,MagpieData mean Column,MagpieData avg_dev Column,MagpieData maximum CovalentRadius,MagpieData mode NdUnfilled,MagpieData range NUnfilled,MagpieData mean NUnfilled,MagpieData avg_dev NUnfilled,MagpieData mode GSmagmom,MagpieData mean SpaceGroupNumber,vpa,packing fraction,sine coulomb matrix eig 0,sine coulomb matrix eig 3,sine coulomb matrix eig 5,sine coulomb matrix eig 6,sine coulomb matrix eig 8,sine coulomb matrix eig 11,SOAP_40,magmom,theoretical
3.736,55,33,77,862.5733333,632.2844444,8,13.33333333,3.555555556,132,0,2,2.666666667,0.888888889,0,123,90.05243272,0.073555743,1491.101695,1202.240174,395.6373725,380.3983747,344.3280154,361.3015666,0,15.253,4
3.057,49,46,77,833.5333333,897.6444444,11,13,4.666666667,139,0,5,3,2,0,101.6666667,76.08815462,0.082226751,2643.665053,966.679995,66.53388278,0,0,0,0,5.822,3
0.569,9,78,71.4,796.36,1038.184,14,12.4,5.04,215,0,7,2.8,1.68,0,77.1,61.48660751,0.119543625,7810.544654,59.41881986,14287.48883,58.91437803,70.91602807,0,0,1.611,1
4.054,52,41,70.85714286,1758.571429,1179.673469,10,11.85714286,4.163265306,139,5,4,3.571428571,1.469387755,0.000310121,152.7142857,23.84911191,0.230034493,1318.805499,39.28521355,28.38712262,93.41984356,0,0,8.894423903,11.163,4
4.154,52,35,69.77777778,708.3055556,720.617284,9,11.66666667,4.148148148,139,5,3,3.666666667,1.185185185,0.000310121,163.7777778,19.55213801,0.291168829,1357.016756,990.4190486,72.03074448,54.97395676,42.41688061,0,9.531572145,14.767,4
1.969,58,37,76.5,1016.9,751.1,8,13,4,126,0,2,2,1,0,129,54.54231285,0.152877831,1225.196807,2455.716958,0,0,0,0,0,4.042,2
0.382,11,84,53,1039.9,774.1,14,10,7,170,0,8,5,4,0,129,53.08872832,0.221590455,685.1257375,2494.949203,0,0,0,0,0,0.762,0
4.064,52,42,73,845.3,673.7,10,12,5,139,0,4,3,2,0,140.5,56.43172698,0.138954019,1217.645273,428.5582111,0,0,0,0,9.650061102,8.057,4
1.92,58,38,77,1077.425,690.575,8,13,4,139,0,2,2,1,0,129,61.7424296,0.176540146,1233.021784,6690.726834,0,0,0,0,0,3.947,2
3.173,55,35,72.5,1266.83,544.17,8,12,4,138,0,2,3,1,0,190.5,59.34325046,0.193687407,1174.363586,6392.49005,0,0,0,0,0,6.287,3
2.345,49,38,74.33333333,763.2,944.5333333,10,12.66666667,4.444444444,139,0,4,3.333333333,1.777777778,0,84.33333333,56.87291032,0.077972668,1029.011822,0,0,0,0,0,0,3.954,2
3.651,49,41,76.33333333,1208.44,647.7066667,10,12.66666667,4.444444444,139,0,4,3.333333333,1.777777778,0,177.6666667,107.7049161,0.10671788,1018.479437,0,0,0,0,0,0,5.157,2
3.652,52,36,76,765.24,502.5066667,9,13,4,139,0,3,3,1.333333333,0,119,57.58519726,0.115027366,1149.462319,0,0,0,0,0,0.341488274,6.238,3
1.557,61,35,84.33333333,833.9,596.0666667,7,14.66666667,3.111111111,139,0,1,1.333333333,0.444444444,0,117.6666667,81.86753096,0.135560765,1465.51259,0,0,0,0,0,0,3.713,2
2.682,46,43,74.66666667,1057,750.6666667,11,12.33333333,4.888888889,153,0,5,3.666666667,2.222222222,0,85.66666667,110.1508297,0.069744511,895.7992876,2292.203401,2263.005844,0,0,0,0,5.094,3
3.491,49,44,73.2,906.01,1019.192,11,12.2,4.96,139,0,5,3.4,2.08,0,136.4,30.9693652,0.162648634,1124.145763,99.51249321,0,0,0,0,0,6.763,3
4.393,52,40,77.71428571,462.6671429,603.6187755,15,9,5.714285714,139,0,4,2.714285714,1.387755102,0,148.5714286,25.14136875,0.148184251,1241.949237,70.32190753,-0.801147626,-0.806677643,0,0,8.129035863,8.679,4
0.928,61,33,70.875,1160.76375,709.0453125,7,12.125,2.65625,124,2,4,2.125,0.71875,0.5953947,164.625,36.13648374,0.239060082,2135.407504,434.3975503,1431.498828,1380.722044,0,0,0,3.591,1
0.711,66,28,87,463.0325,437.14875,6,15.5,2.25,136,0,0,1,0,0,104.25,81.42381254,0.070226278,18608.90247,438.7404735,416.1456776,423.0827949,0,0,0,3.482,1
0.581,64,31,87.25,538.7925,409.48875,6,15.5,2.25,132,0,0,1,0,0,104.25,81.73567296,0.089978685,3211.814432,2496.768278,2398.065936,2439.161974,0,0,0,3.407,1
4.204,52,42,83.5,508.45,505.275,10,14.5,3.75,139,0,4,2,1.5,0,102.25,66.30182234,0.090723038,1257.092577,436.2629359,412.1530113,422.043481,0,0,6.418973767,7.769,4
1.808,47,48,83,886.85,931.575,12,14,4.5,164,0,6,2.5,2.25,0,105.25,75.89953013,0.105013593,4172.590691,2534.146242,2400.582091,2393.335655,0,0,0,3.674,2
0.647,44,50,81.5,660.7,733.65,13,13.75,4.875,175,0,7,2.75,2.625,0,96.5,76.15410042,0.092460227,3701.117428,443.4606616,416.0563644,417.4576588,0,0,0,1.301,1
2.788,49,46,75.33333333,836.2833333,895.8111111,11,12.66666667,4.444444444,139,0,5,3.333333333,1.777777778,0,162.3333333,45.76738963,0.13849026,2620.926416,966.5233096,48.22742105,0,0,0,0,4.199,3
4.157,52,26,66,1376.333333,302.2222222,12,7.666666667,4.222222222,141,0,5,3,2,0,212.6666667,46.11019723,0.225593534,1209.303421,293.0301344,1070.891968,0,0,0,0.055860431,8.139,4
3.465,49,40,79.8,795.86,553.656,10,13.8,3.12,139,0,4,3,1.2,0,54.6,65.26273268,0.106629643,362.6446398,1037.951797,2333.402573,2268.020589,2227.602125,0,0,6.05,3
0.689,11,76,61.66666667,641.2,781.8666667,13,11.66666667,5.777777778,170,0,7,4.333333333,3.111111111,0,72.66666667,77.24570388,0.081846373,795.1425083,77.36022892,56.75188565,0,0,0,0,1.536,1
3.658,55,34,78.33333333,772.3888889,461.6049383,8,13.55555556,2.716049383,142,0,3,3.111111111,1.234567901,0,89.55555556,66.9525662,0.142784792,5940.477425,1210.563603,2149.953452,2180.206333,2309.493614,0,0,7.438,4
0.241,80,7,84.8,197.356,171.0672,2,15.4,0.72,139,0,2,2.6,0.72,0,35.8,106.0553367,0.037099834,6178.239903,319.909455,73.84884727,58.23089136,67.34951344,0,0,1.167,1
4.055,52,40,72.45454545,1607.510909,1208.448595,15,9.454545455,4.859504132,139,5,4,3.454545455,1.421487603,0.000310121,169.2727273,17.43351132,0.272343214,1368.91138,984.1449547,72.81758337,39.64589587,28.94558723,0,9.6179701,14.176,4
2.414,49,38,66.77777778,2255.4,1045.066667,10,10.88888889,4.345679012,139,5,4,4.444444444,1.382716049,0,169.1111111,19.59974307,0.295332578,1228.113425,897.9803784,70.82278712,39.57273412,28.92471538,0,0,8.753,3
1.941,58,37,76.5,1016.9,751.1,8,13,4,126,0,2,2,1,0,129,64.02691645,0.13023133,1288.935346,2450.596958,0,0,0,0,0,4.012,2
2.681,58,29,72.5,911.4,856.6,7,12.5,3.5,126,0,1,2.5,0.5,0,103,63.09209825,0.088844512,1436.079604,67.29265356,0,0,0,0,0,5.836,3
3.264,55,35,72.5,1266.83,544.17,8,12,4,138,0,2,3,1,0,190.5,59.69745171,0.192538207,1124.164091,6382.231076,0,0,0,0,0,6.459,3
0.801,11,85,53.5,1100.425,713.575,14,10,7,170,0,8,5,4,0,129,87.88677613,0.163001343,706.5064406,6727.314226,0,0,0,0,0,1.63,1
0.771,12,84,54,1092.925,706.075,14,10,7,190,0,8,5,4,0,129,102.7992189,0.174724405,3168.07293,6737.991007,0,0,0,0,0,1.565,1
0.568,47,43,68.5,1736.33,1013.67,11,10.5,5.5,164,0,5,4.5,2.5,0,190.5,54.7392055,0.221633568,3404.519152,6485.319114,0,0,0,0,0,1.181,1
3.679,49,28,58.33333333,2727.666667,730.2222222,8,8.666666667,3.555555556,139,5,2,5.333333333,0.888888889,0,217.3333333,39.70887963,0.205032526,1123.960173,0,0,0,0,0,0,6.884,3
3.599,55,35,78.33333333,1085.44,483.7066667,8,13.33333333,3.555555556,138,0,2,2.666666667,0.888888889,0,177.6666667,66.6176968,0.172537342,1224.113015,0,0,0,0,0,0,7.522,4
1.359,61,35,84.33333333,833.9,596.0666667,7,14.66666667,3.111111111,139,0,1,1.333333333,0.444444444,0,117.6666667,107.8926298,0.102861754,1474.578087,0,0,0,0,0,0,3.456,2
1.396,63,31,83.66666667,794.8666667,831.0222222,7,14.66666667,3.111111111,136,0,1,1.333333333,0.444444444,0,117.6666667,73.04748894,0.085257665,17384.37602,0,0,0,0,0,0,3.665,2
3.284,56,40,82.66666667,1126.9,986.7333333,9,14,4,146,0,3,2,1.333333333,0,107.3333333,80.47835426,0.133331308,4300.050269,0,0,0,0,0,0,7.316,3
2.642,49,38,69.8,1658.52,1282.976,10,11.6,4.48,139,0,4,4,1.6,0,135.2,28.7739622,0.182348144,1112.702751,75.16083326,0,0,0,0,0,4.542,3
2.59,58,37,85.75,641.35,563.325,8,15,3,126,0,2,1.5,0.75,0,96.5,89.05710056,0.082581494,1254.228848,2521.96084,2446.453196,2390.282623,0,0,0,6.285,2
0.73,64,30,86.5,468.1425,444.81375,6,15.5,2.25,132,0,0,1,0,0,104.25,71.59573967,0.079866363,1750.766114,435.7405697,412.8025794,424.3923951,0,0,0,3.572,1
4.312,52,42,83.5,508.45,505.275,10,14.5,3.75,139,0,4,2,1.5,0,102.25,81.86409827,0.073476687,1292.110443,439.0753285,424.6687155,411.5411679,0,0,6.302047348,7.744,4
0.804,47,47,82.25,816.2,966.9,12,14,4.5,164,0,6,2.5,2.25,0,105.25,66.26803559,0.095583115,3939.081441,446.0812053,413.8807756,411.9532544,0,0,0,1.678,1
3.823,56,39,85.25,851.1,877.95,9,14.75,3.375,146,0,3,1.75,1.125,0,96.5,81.78830729,0.086548591,4819.046924,2492.431749,2397.462965,2441.016731,0,0,0,9.204,4
0.721,44,52,83,822.1375,652.93125,13,13.75,4.875,175,0,7,2.75,2.625,0,96.5,101.3204101,0.123569999,3340.080494,6861.164931,6595.849676,6603.055631,0,0,0,1.413,1
3.223,49,46,77.33333333,944.72,823.52,11,13,4.666666667,139,0,5,3,2,0,121,59.80578789,0.122917071,2614.557971,975.7082901,364.963476,0,0,0,0,5.858,3
4.585,45,51,84.125,793.2625,609.61875,13,14.125,4.3125,175,0,7,2.375,2.0625,0,99.375,103.5205049,0.115987665,14475.33937,6831.477481,6597.82465,6615.731088,0,0,6.250434435,4.666,4
3.8,49,44,78.33333333,762.3333333,945.1111111,11,13.33333333,4.888888889,139,0,5,2.666666667,2.222222222,0,86.33333333,106.9361533,0.039092603,1080.636248,87.47574533,85.71917341,0,0,0,0,7.606,4
0.346,2,75,52,2672.29,1534.28,13,9.666666667,5.777777778,166,0,3,3,1.333333333,0,205.6666667,83.59635716,0.108866524,176.8497782,71.93734756,-5.628453514,0,0,0,0,1.272,0
0.396,11,83,52.5,992.8,821.2,14,10,7,170,0,8,5,4,0,129,94.53603677,0.112899142,848.60337,426.1491854,0,0,0,0,0,0.793,0
3.338,47,42,77.28571429,1057.142857,804.4897959,11,13,4.285714286,164,0,5,3.285714286,1.836734694,0,75.42857143,98.45600846,0.08142465,4293.334283,975.3943258,2474.853416,2427.179519,2255.453126,2149.839974,0,5.895,3
4.522,52,37,79.71428571,622.0714286,256.2653061,9,13.85714286,2.448979592,142,0,3,3.285714286,1.469387755,0,78.71428571,84.53822422,0.115203352,6093.777344,2603.96352,2161.028477,2247.624121,0,0,9.93E-08,8.94,4
1.079,46,47,82.07692308,484.7630769,595.7334911,12,14.46153846,2.911242604,153,0,6,2.615384615,1.349112426,0,67.38461538,96.70037402,0.04055407,6789.719127,885.3407474,83.79051345,53.77275003,79.00788411,64.98989711,0,1.912,1
1.698,61,33,82.86666667,1679.422667,1721.338844,16,10.8,5.333333333,124,0,3,2.533333333,1.297777778,0,178.7333333,77.4316142,0.025714387,1497.732041,114.0487371,58.11561112,26.08600178,29.08420835,2.106702271,0,3.899,2
3.217,55,39,74.5,991.3,819.7,9,12.5,4.5,132,0,3,2.5,1.5,0,146.5,57.6559171,0.136003652,1332.710838,428.0356001,0,0,0,0,0,6.43,3
0.419,11,85,53.5,1100.425,713.575,14,10,7,170,0,8,5,4,0,129,58.95387181,0.242997823,687.6352693,6775.958938,0,0,0,0,0,0.841,0
2.632,58,36,82,703.7333333,709.5111111,8,14.33333333,3.555555556,126,0,2,1.666666667,0.888888889,0,107.3333333,63.71468156,0.097746049,1378.69333,0,0,0,0,0,0,5.708,3
0.47,64,23,79.33333333,489.1233333,579.0977778,5,14.33333333,2.222222222,132,0,1,1.666666667,0.444444444,0,83,70.43090682,0.05734013,1618.703085,0,0,0,0,0,0,1.678,1
4.624,52,42,80,620.7333333,598.8444444,10,13.66666667,4.444444444,139,0,4,2.333333333,1.777777778,0,115,70.06480279,0.094539245,1149.455336,0,0,0,0,0,0.128213673,9.453,4
1.506,61,35,84.33333333,833.9,596.0666667,7,14.66666667,3.111111111,139,0,1,1.333333333,0.444444444,0,117.6666667,78.71943112,0.140982029,1466.024844,0,0,0,0,0,0,3.719,2
1.325,62,33,84,786.55,694.3333333,7,14.66666667,3.111111111,139,0,1,0.666666667,0.444444444,0,117.6666667,78.70627323,0.102640243,4957.27723,0,0,0,0,0,0,3.682,2
1.538,63,30,83,716.1333333,883.5111111,7,14.66666667,3.111111111,136,0,1,1.333333333,0.444444444,0,85,47.14071295,0.080278748,17379.48865,0,0,0,0,0,0,3.837,2
1.796,56,33,78,1198.333333,939.1111111,8,13.33333333,3.555555556,146,0,2,2.666666667,0.888888889,0,74,62.0303042,0.11792099,4473.466061,0,0,0,0,0,0,3.811,2
1.749,43,52,77.66666667,824.2,744.5333333,13,12.66666667,5.777777778,160,0,7,3.333333333,3.111111111,0,107.3333333,73.33753933,0.110154105,814.622512,0,0,0,0,0,0,3.476,2
2.731,46,50,79.33333333,985.5666667,798.2888889,12,13,5.333333333,153,0,6,3,2.666666667,0,119,111.638874,0.099410042,920.1907081,0,0,0,0,0,0,5.3,3
2.803,49,39,70.2,1791.944,1122.8672,10,11.6,4.48,139,0,4,4,1.6,0,158.4,31.35325751,0.20924407,1143.650826,383.5127286,0,0,0,0,0,4.651,3
4.417,52,41,74.4,641.61,701.912,10,12.6,4.48,139,0,4,3,1.6,0,131.6,31.57137469,0.159547216,1236.763057,99.70379358,0,0,0,0,8.142089636,8.739,4
0.365,66,30,88.5,624.47,356.43,6,15.5,2.25,139,0,0,1,0,0,104.25,106.0169936,0.105615416,18711.01195,6823.72607,6594.684791,6658.340259,0,0,0,2.909,1
0.608,64,30,86.5,468.1425,444.81375,6,15.5,2.25,132,0,0,1,0,0,104.25,80.28338994,0.07122384,1786.823508,421.1684764,423.6481484,410.6005479,0,0,0,3.31,1
4.453,52,44,85,669.8875,424.55625,10,14.5,3.75,139,0,4,2,1.5,0,102.25,98.264369,0.116970581,1070.337667,6815.447584,6583.780896,6661.944937,0,0,6.265315657,7.915,4
2.08,54,41,84.75,1064.1,1197.45,10,14.5,3.75,151,0,4,2,1.5,0,96.5,80.02705579,0.091899775,16510.6681,2508.022761,2401.85208,2421.630593,0,0,0,4.266,2
0.71,44,52,83,822.1375,652.93125,13,13.75,4.875,175,0,7,2.75,2.625,0,96.5,102.0729441,0.122658978,3339.70503,6836.183812,6627.732053,6558.999336,0,0,0,1.322,1
3.329,49,46,77.66666667,979.9333333,800.0444444,11,13,4.666666667,139,0,5,3,2,0,102.3333333,65.02991397,0.124226383,977.6162657,2496.898245,2268.038008,0,0,0,0,5.919,3
1.408,61,34,81,682.8666667,696.7555556,7,14.33333333,2.888888889,124,0,1,1.666666667,0.444444444,0,100.3333333,43.75313037,0.133943938,2645.869756,1402.112208,66.68683878,0,0,0,0,2.133,1
2.717,49,45,75,804.8833333,916.7444444,11,12.66666667,4.444444444,139,0,5,3.333333333,1.777777778,0,162.3333333,44.71355854,0.125488984,1103.965454,433.5527168,48.13051263,0,0,0,0,4.175,3
1.646,45,50,84.5,728.6,694.2,13,14.5,3.75,175,0,7,2,1.5,0,100.375,84.71633343,0.094622077,14383.57403,2506.141705,2403.749534,2383.965641,0,0,0,1.856,2
3.681,48,39,74.11111111,1009.866667,1273.422222,11,12.44444444,4.740740741,170,0,5,3.555555556,2.074074074,0,84.33333333,86.93490018,0.054271534,15783.24024,14248.62854,1010.731738,113.1363097,87.08283738,75.26604026,0,7.524,3
3.658,55,34,81,722.06,435.576,8,14.2,2.48,132,0,2,2.6,0.72,0,54.6,113.1602089,0.061496368,3041.721839,1252.060636,2301.686698,2255.18754,2233.088065,0,0,7.704,4
3.863,52,35,78.8,456.802,482.4024,9,13.8,2.72,146,0,3,3,1.2,0,95.6,52.57036553,0.146993084,20628.06636,19110.43013,1075.825965,1075.463774,113.3099532,73.55095716,7.93710623,12.747,4
1.674,61,21,76.83333333,1593.858333,1530.808333,5,13.83333333,1.277777778,124,0,2,3.166666667,0.555555556,0,199.1666667,137.5021795,0.020157916,1542.762783,40.31870339,47.08358095,55.35560142,59.26947227,25.6819215,0,4.446,2
1.922,46,49,76,834.5333333,898.9777778,12,12.66666667,5.111111111,153,0,6,3.333333333,2.444444444,0,101.6666667,77.63027714,0.075492022,2637.602989,872.4329973,66.55800403,0,0,0,0,3.761,2
0,12,82,70,520.05,639.475,14,13,5,190,0,8,3.5,2.75,0,70.5,99.75263681,0.076257062,3412.677958,433.8461185,71.4259226,63.49198865,0,0,0,0,0
3.287,49,39,80.8,637.969,427.7984,10,14.3,2.32,145,0,5,2.5,0.9,0,87.8,107.5807137,0.057781404,5380.110467,990.8775324,481.1197218,246.773517,306.2220381,393.8408385,0,5.881,3
3.158,52,37,78.46153846,1976.707692,1704.269822,9,14.07692308,1.159763314,139,0,3,3.461538462,0.733727811,0,168.0769231,103.8075406,0.027756402,2472.860339,101.5626244,68.54958773,51.18504483,17.55988322,30.26962618,0.001324166,5.838,4
1.066,46,46,83.77777778,331.0022222,447.7767901,15,11.44444444,6.074074074,153,0,6,2.333333333,1.037037037,0,76.77777778,78.46481294,0.030206624,2478.909267,909.3831608,0.309214628,0.259868238,0.078978515,74.00282997,0,1.918,1
0.709,43,34,56.6,2693.8,903.36,10,8,4.8,160,8,4,6.4,1.92,2.25E-05,194,32.72177705,0.228322753,955.8470747,805.3107894,0,0,0,0,0,1.204,1
3.304,52,35,68.11111111,1961.622222,1240.918519,9,11.33333333,3.851851852,139,5,3,4,0.888888889,0.000310121,163.7777778,20.13271089,0.287514318,1356.502846,989.4764975,70.93892171,39.56324707,28.88219716,0,9.477681204,12.389,4
3.413,55,39,74.5,991.3,819.7,9,12.5,4.5,132,0,3,2.5,1.5,0,146.5,42.20779779,0.185781199,1386.202692,431.2634698,0,0,0,0,0,7,4
1.736,59,35,76.5,1204.3,1032.7,8,13,4,142,0,2,2,1,0,144.5,62.58246706,0.115805477,4856.210664,430.7611803,0,0,0,0,0,3.877,2
2.225,58,29,72.5,911.4,856.6,7,12.5,3.5,126,0,1,2.5,0.5,0,103,51.35488273,0.109150024,1440.178531,65.09392871,0,0,0,0,0,3.743,2
0.174,69,27,82.5,539.765,152.915,5,14.5,2.5,139,0,1,0.5,0.5,0,129,76.82960671,0.141872619,1671.075855,6737.406153,0,0,0,0,0,0.547,0
3.896,52,25,60.33333333,2287,1024,7,9.333333333,3.111111111,139,5,1,4.666666667,0.444444444,0.000310121,209.3333333,40.22358472,0.202408909,1233.763261,0,0,0,0,0,9.528122356,7.401,4
3.053,49,39,75,985.5733333,796.2844444,10,12.66666667,4.444444444,139,0,4,3.333333333,1.777777778,0,123,79.18306534,0.083652654,1036.49945,0,0,0,0,0,0,4.447,2
4.204,52,37,76.66666667,835.6666667,455.5555556,9,13,4,139,0,3,3,1.333333333,0,81.66666667,90.91078745,0.088861082,1113.068086,0,0,0,0,0,0.163494439,6.495,4
1.619,47,43,75.66666667,1398.44,901.04,11,12.33333333,4.888888889,164,0,5,3.666666667,2.222222222,0,177.6666667,141.8169849,0.084047599,3624.293404,6396.810215,6356.644888,0,0,0,0,2.785,2
2.736,46,50,79.33333333,985.5666667,798.2888889,12,13,5.333333333,153,0,6,3,2.666666667,0,119,89.10598046,0.1245486,915.2121729,0,0,0,0,0,0,5.3,3
1.067,44,52,78.66666667,967.2333333,773.8444444,13,12.66666667,5.777777778,175,0,7,3.333333333,3.111111111,0,107.3333333,98.00652843,0.131238236,3463.251019,0,0,0,0,0,0,2.107,1
2.819,58,36,85,570.7,598.65,8,15,3,126,0,2,1.5,0.75,0,96.5,78.19871592,0.073122573,1529.999538,439.6464384,422.7042661,409.8238048,0,0,0,7.348,3
0.641,45,50,82.5,825.85,840.075,13,13.75,4.875,175,0,7,2.75,2.625,0,96.5,83.27868804,0.104199558,14983.03961,2448.014586,2515.064708,2385.511059,0,0,0,1.259,1
1.87,47,49,83.75,977.6375,886.18125,12,14,4.5,164,0,6,2.5,2.25,0,105.25,102.0545772,0.11575221,3546.550312,6833.0386,6594.154502,6628.579234,0,0,0,3.689,2
2.033,54,41,84.75,1064.1,1197.45,10,14.5,3.75,151,0,4,2,1.5,0,96.5,72.68328646,0.101185138,16550.1383,2506.862997,2422.189529,2360.769655,0,0,0,4.273,2
2.466,51,45,84.75,1213.8875,1240.55625,11,14.25,4.125,162,0,5,2.25,1.875,0,105.25,102.7740263,0.108948042,16079.89833,6807.371603,6589.440168,6651.270007,0,0,0,4.848,3
3.027,49,45,76.66666667,802.1333333,918.5777778,11,13,4.666666667,139,0,5,3,2,0,101.6666667,44.55030578,0.124111451,1103.358386,433.7421783,66.71817067,0,0,0,0,5.81,3
1.599,61,35,81.33333333,723.2166667,669.8555556,7,14.33333333,2.888888889,139,0,1,1.666666667,0.444444444,0,100.3333333,45.72366507,0.165521973,7011.262183,1405.709234,66.84194103,0,0,0,0,3.275,2
1.693,45,49,83.75,657.95,729.525,13,14.5,3.75,175,0,7,2,1.5,0,100.375,75.7069468,0.084267807,14353.32958,414.3863167,409.2595202,424.0855933,0,0,0,1.898,2
0.677,65,28,83.66666667,447.31,525.08,6,15,2.666666667,145,0,0,1,0,0,85,118.2331365,0.051323689,5323.807485,88.34860066,85.83000035,0,0,0,0,1.974,1
3.93,49,41,72.42857143,1347.234286,713.7991837,10,11.71428571,4.897959184,139,0,4,3.714285714,1.959183673,0,185,77.42205761,0.148459505,1162.301827,6233.852188,6082.423333,6616.535935,0,0,0,10.015,4
3.283,49,39,80.7,650.253,447.4528,10,14.3,2.32,139,0,5,2.5,0.9,0,87.8,103.4660792,0.053457478,1739.494781,1022.859958,472.5581904,245.8582995,312.0365759,392.9228911,0,5.84,3
4.225,50,44,78.14285714,728.2571429,928.7102041,11,13.57142857,3.755102041,154,0,5,2.714285714,1.306122449,0,81.42857143,120.1582836,0.038130652,4054.523146,1244.98657,403.2241368,100.6872046,58.10354528,69.64789774,0,9.862,4
4.644,50,40,79.33333333,607.3844444,736.7792593,10,13.88888889,3.283950617,154,0,4,2.777777778,1.209876543,0,74.44444444,57.51374663,0.079569003,6791.424932,1163.061587,3850.215803,115.3529002,78.55602396,72.99107275,6.333728122,9.518,4
2.096,46,46,73.33333333,756.9688889,950.6874074,15,8.777777778,5.975308642,153,7,6,3.666666667,2.222222222,0,165.2222222,18.86334328,0.207098519,1073.470171,77.11288796,72.24752704,41.69863901,-1.130391812,0,0,4.447,2
0.508,44,38,59.2,1302.02,991.176,11,8.4,5.28,175,8,5,6,2.4,0,194,35.78502477,0.27439571,3837.990048,3422.312122,0,0,0,0,0,0.843,1
0.821,45,45,67.5,1614.33,891.67,12,10,6,175,0,6,5,3,0,173,79.69476537,0.169977108,15214.06364,6400.026715,0,0,0,0,0,1.616,1
0.692,62,34,79,1107.45,720.6,7,13.5,3.5,139,0,1,0.5,0.5,0,144.5,79.33225603,0.144884829,4699.763471,6706.522264,0,0,0,0,0,1.896,1
0.742,61,29,75.5,1225.33,502.67,6,13,3,138,0,0,2,0,0,188.5,61.44533189,0.177393745,1407.926504,6323.124445,0,0,0,0,0,1.553,1
3.943,52,37,76.66666667,835.6666667,455.5555556,9,13,4,139,0,3,3,1.333333333,0,81.66666667,63.30227289,0.12761676,1096.642419,0,0,0,0,0,0.188142665,6.548,3
4.147,52,41,73.4,1393.6,1072.08,10,12.4,4.32,139,0,4,3.2,1.76,0,131.6,29.23595888,0.174251396,1242.552026,98.60328032,0,0,0,0,8.824138225,8,3
0.693,45,50,82.5,825.85,840.075,13,13.75,4.875,175,0,7,2.75,2.625,0,96.5,83.80221961,0.1035486,14972.05993,2526.638295,2406.782933,2410.060356,0,0,0,1.404,1
0.831,62,33,86.75,656.3625,585.84375,7,15.25,2.625,139,0,1,0.75,0.375,0,104.25,85.87821114,0.08909687,5287.372456,2495.54043,2401.772112,2440.473777,0,0,0,1.905,1
2.07,54,40,84,993.45,1232.775,10,14.5,3.75,151,0,4,2,1.5,0,96.5,62.88509979,0.090929192,16534.20814,439.532178,419.9312337,403.5611008,0,0,0,4.409,2
2.16,46,49,82.75,745.1,718.95,12,14,4.5,153,0,6,2.5,2.25,0,105.25,94.02936552,0.078214591,873.0822871,2507.901073,2448.485675,2392.352604,0,0,0,3.669,2
0.957,43,52,75.66666667,900.2666667,693.8222222,13,12.33333333,5.555555556,160,0,7,3.666666667,2.888888889,0,90.66666667,65.9006313,0.122585032,3217.867458,783.6616801,2494.90591,2469.586951,2314.540811,2272.708099,0,3.426,2
3.195,49,45,77,913.32,844.4533333,11,13,4.666666667,139,0,5,3,2,0,121,58.40976692,0.113403527,1104.136108,435.4402336,364.0463487,0,0,0,0,5.863,3
0.446,45,51,76.33333333,1093.736667,941.5088889,13,12.33333333,5.555555556,175,0,7,3.666666667,2.888888889,0,109.3333333,74.16817206,0.140587536,15881.52015,13975.32952,6785.877935,6654.781099,407.3876204,367.33819,0,1.81,1
2.598,45,50,84.125,733.6,701.7,13,14.375,3.9375,175,0,7,2.125,1.6875,0,96.5,82.47124731,0.097197941,14382.99372,2507.040913,2414.443406,2402.674366,0,0,0,2.833,2
1.573,45,51,85.25,819.3875,648.80625,13,14.5,3.75,175,0,7,2,1.5,0,100.375,99.29869298,0.119423485,14475.68891,6821.426622,6589.95656,6613.150913,0,0,0,1.829,1
0.34,3,74,52.33333333,2660.843333,1549.542222,13,9.666666667,5.777777778,203,0,3,3,1.333333333,0,205.6666667,110.2111084,0.14359033,616.0327562,74.16228178,-6.070146895,0,0,0,0,1.275,0
3.001,49,43,78.75,575.9025,802.04875,15,9.75,6.25,139,0,5,2.75,1.625,0,111.75,65.91164729,0.050708214,1030.926807,61.77107293,0,0,0,0,0,5.831,3
4.687,52,41,89.2,264.5706667,337.7130667,10,16.06666667,1.493333333,139,0,4,1.533333333,0.853333333,0,48.6,61.04445947,0.047306861,6497.172197,166.115906,106.1127617,73.12106365,75.91878746,101.4025248,3.97E-05,9.614,4
1.777,54,33,78.63636364,825.8545455,1121.533884,9,13.81818182,3.173553719,151,0,3,2.545454545,0.892561983,0,64.45454545,89.47289324,0.038768688,16417.87249,109.5585117,57.06873647,71.01687468,65.83132355,0,0,3.757,2
1.914,46,48,75.66666667,803.1333333,919.9111111,12,12.66666667,5.111111111,153,0,6,3.333333333,2.444444444,0,101.6666667,74.53471341,0.068869761,1004.719859,430.9782611,66.13106381,0,0,0,0,3.758,2
4.166,52,43,73.5,892.4,626.6,10,12,5,139,0,4,3,2,0,140.5,67.17465765,0.132971773,1070.834915,2464.198494,0,0,0,0,8.184422732,8.196,4
0.971,61,33,77.5,949.8,778.2,7,13.5,3.5,124,0,1,1.5,0.5,0,144.5,50.93688584,0.142281813,1655.020577,426.0400487,0,0,0,0,0,1.978,1
3.314,55,33,71.5,1099.68,711.32,8,12,4,132,0,2,3,1,0,149.5,51.55518566,0.152097508,1333.39,358.7200507,0,0,0,0,0,6.664,3
0.165,8,88,52,718.425,331.575,15,9.5,7.5,195,0,1,0.5,0.5,0,144.5,142.0478427,0.158412691,2992.835726,6740.323155,0,0,0,0,0,0.472,0
1.339,61,26,74,891.4,836.6,6,13,3,124,0,0,2,0,0,118.5,63.95833352,0.087641225,1565.040719,67.30843162,0,0,0,0,0,3.048,2
3.818,55,33,77,862.5733333,632.2844444,8,13.33333333,3.555555556,132,0,2,2.666666667,0.888888889,0,123,52.11091774,0.127111052,1261.314489,0,0,0,0,0,0,7.942,4
3.768,52,40,78.66666667,515.6733333,668.8844444,6,3,2.666666667,139,0,4,2.333333333,1.777777778,0,201.6666667,31.92304943,0.12138502,1132.546655,0,0,0,0,0,3.229446481,7.3,4
4.454,52,38,77.33333333,988.1066667,353.9288889,9,13,4,139,0,3,3,1.333333333,0,173.6666667,103.0004573,0.111592129,1123.023766,0,0,0,0,0,0.062569773,8.019,4
1.394,62,32,83.33333333,723.75,736.2,7,14.66666667,3.111111111,139,0,1,0.666666667,0.444444444,0,117.6666667,65.93287572,0.100463896,4901.843126,0,0,0,0,0,0,3.768,2
3.384,59,36,83,922.8666667,876.0888889,8,14.33333333,3.555555556,142,0,2,1.666666667,0.888888889,0,117.6666667,73.09981075,0.105094879,4709.907842,0,0,0,0,0,0,7.468,3
4.018,55,40,85,652.1,579.45,9,14.75,3.375,132,0,3,1.75,1.125,0,105.25,88.44257158,0.086513538,1173.272271,2481.781707,2471.426907,2392.632077,0,0,0,9.404,4
0.634,45,49,81.75,755.2,875.4,13,13.75,4.875,175,0,7,2.75,2.625,0,96.5,74.07641378,0.095053541,14949.36266,443.6542287,415.6677563,416.5683802,0,0,0,1.278,1
2.989,50,46,84.5,1014.1375,940.93125,11,14.25,4.125,154,0,5,2.25,1.875,0,105.25,101.6365302,0.116228317,3760.196507,6815.696463,6590.650306,6647.769192,0,0,0,5.675,3
4.459,57,37,84.75,955.2,1175.4,9,14.75,3.375,144,0,3,1.75,1.125,0,96.5,81.96633675,0.066396595,16994.85193,432.6798118,422.8681311,410.4060544,0,0,0,10.068,4
1.423,62,32,86,585.7125,621.16875,7,15.25,2.625,139,0,1,0.75,0.375,0,104.25,76.86084795,0.078259646,5150.245535,435.2782446,414.083339,424.9534861,0,0,0,1.887,1
2.154,54,40,84,993.45,1232.775,10,14.5,3.75,151,0,4,2,1.5,0,96.5,63.93847401,0.089431151,16524.01374,443.3790253,413.3154108,412.7482605,0,0,0,4.503,2
0.962,43,52,82,684.6,628.2,13,13.75,4.875,160,0,7,2.75,2.625,0,96.5,85.98077804,0.088990586,781.4360714,2441.934172,2482.322582,2386.738418,0,0,0,1.738,1
2.118,46,49,82.75,745.1,718.95,12,14,4.5,153,0,6,2.5,2.25,0,105.25,84.57666413,0.086956236,870.4865689,2397.619252,2493.220064,2449.195539,0,0,0,3.701,2
0.419,64,31,82.33333333,670.6433333,458.0844444,6,14.66666667,2.444444444,132,0,1,1.333333333,0.444444444,0,119.6666667,58.14190944,0.119623472,2640.851578,1540.073145,364.6042487,0,0,0,0,1.588,1
2.025,46,49,76.66666667,980.9333333,801.3777778,12,12.66666667,5.111111111,153,0,6,3.333333333,2.444444444,0,102.3333333,63.96420793,0.120104915,881.9671694,2496.527205,2270.452394,0,0,0,0,3.725,2
3.3,49,45,77.33333333,948.5333333,820.9777778,11,13,4.666666667,139,0,5,3,2,0,102.3333333,63.43279368,0.115888831,2502.274856,981.3568248,434.8523367,0,0,0,0,5.926,3
1.342,61,33,80.66666667,651.4666667,717.6888889,7,14.33333333,2.888888889,124,0,1,1.666666667,0.444444444,0,100.3333333,39.84079801,0.128842496,1582.164791,433.801225,66.57808995,0,0,0,0,2.086,1
4.606,44,51,83.25,655.225,584.1375,13,14.125,4.3125,175,0,7,2.375,2.0625,0,99.375,89.93627048,0.090781407,3727.43426,2507.756469,2407.485759,2442.113992,0,0,6.250434435,4.718,4
0.723,49,38,76.83333333,626.1616667,761.8155556,10,13.5,3.333333333,139,0,5,2.5,1.166666667,0,83.66666667,89.72215811,0.047218269,1725.313068,1540.704195,58.48428281,70.6302856,69.40712434,65.68335989,0,1.961,1
4.24,51,43,78.28571429,842.4,1091.771429,11,13.57142857,3.755102041,162,0,5,2.714285714,1.306122449,0,81.42857143,122.1604852,0.034624172,15633.58078,1245.769247,402.6582525,101.9671318,58.23543752,69.67943305,0,9.834,4
0.957,61,33,77.5,949.8,778.2,7,13.5,3.5,124,0,1,1.5,0.5,0,144.5,60.28564918,0.12021754,1582.593996,426.331089,0,0,0,0,0,1.977,1
4.057,52,30,62,1033.683333,647.0888889,8,9.666666667,3.555555556,139,5,2,4.333333333,0.888888889,0.000310121,209.3333333,34.62684686,0.232367169,1223.109946,0,0,0,0,0,10.67056436,7.839,4
0.962,61,26,78.33333333,612.5333333,743.6444444,6,14,2.666666667,124,0,0,2,0,0,83,38.835368,0.103990707,1490.521276,0,0,0,0,0,0,3.707,2
3.729,57,38,82.33333333,1279.2,1351.2,9,14,4,144,0,3,2,1.333333333,0,107.3333333,69.31746314,0.105524273,16356.4901,0,0,0,0,0,0,8.068,4
1.428,62,32,83.33333333,723.75,736.2,7,14.66666667,3.111111111,139,0,1,0.666666667,0.444444444,0,117.6666667,71.20638058,0.093023596,4901.904696,0,0,0,0,0,0,3.763,2
2.743,49,38,68.8,1363.52,1046.976,10,11.4,4.32,139,0,4,4.2,1.76,0,129.6,27.52396747,0.198881784,1097.851912,73.97090392,0,0,0,0,0,5.007,3
4.137,52,40,77,999.8028571,1103.311837,15,8.857142857,5.551020408,139,0,4,2.857142857,1.551020408,0,148.5714286,23.73757083,0.158671265,1245.973917,70.31708227,-0.762569049,-0.766750072,0,0,8.607465326,7.956,4
0.914,61,33,70.75,1239.58375,610.5203125,7,12.125,2.65625,124,2,4,2.125,0.71875,0.5953947,184.75,35.7948535,0.237774352,227.4910533,434.3727296,1430.639254,1379.923367,0,0,0,3.644,2
0.933,61,34,71.25,1200.16875,659.7890625,7,12.125,2.65625,142,2,4,2.125,0.71875,0.5953947,174,38.87515027,0.256814947,5745.758138,1697.077847,1422.223934,1387.261977,0,0,0,3.589,1
2.975,54,40,82.88888889,800.46,838.48,10,14.55555556,3.259259259,151,0,4,1.444444444,0.790123457,0,114.2222222,70.57847915,0.088240189,15834.28737,555.6757619,407.7701203,425.6328713,417.0336565,0,0,3.078,3
2.383,58,38,86.5,732.1375,517.93125,8,15,3,139,0,2,1.5,0.75,0,96.5,105.2854313,0.106349271,1291.65824,6775.052224,6702.010175,6567.783135,0,0,0,5.573,3
4.059,55,40,85,652.1,579.45,9,14.75,3.375,132,0,3,1.75,1.125,0,105.25,76.09360977,0.100553513,1168.403861,2390.149738,2485.73866,2443.31498,0,0,0,9.428,4
0.631,45,49,81.75,755.2,875.4,13,13.75,4.875,175,0,7,2.75,2.625,0,96.5,74.4143216,0.094621913,14952.78026,427.7980903,439.4667507,409.8789966,0,0,0,1.239,1
1.027,62,32,86,585.7125,621.16875,7,15.25,2.625,139,0,1,0.75,0.375,0,104.25,87.71589303,0.068574833,5163.552097,430.469721,424.7164386,412.17023,0,0,0,2.038,1
3.649,56,40,86,941.8875,832.55625,9,14.75,3.375,146,0,3,1.75,1.125,0,96.5,96.13883304,0.113598459,4203.151528,6783.576139,6572.68383,6670.027908,0,0,0,8.871,4
0.947,43,51,81.25,613.95,663.525,13,13.75,4.875,160,0,7,2.75,2.625,0,96.5,71.96024095,0.083589252,952.4258227,439.7810523,414.3740829,420.6445696,0,0,0,1.822,1
2.043,46,48,82,674.45,754.275,12,14,4.5,153,0,6,2.5,2.25,0,105.25,74.59895434,0.076651092,1045.859458,412.4294684,406.6325349,434.5829143,0,0,0,3.675,2
3.812,49,46,79.33333333,872.4666667,871.6888889,11,13.33333333,4.888888889,139,0,5,2.666666667,2.222222222,0,119,78.93673609,0.093127138,2555.926395,0,0,0,0,0,0,7.516,4
2.978,49,47,75.66666667,876.6333333,868.9111111,11,12.66666667,4.444444444,139,0,5,3.333333333,1.777777778,0,162.3333333,46.44113465,0.173254647,7000.35078,967.4850981,48.30774043,0,0,0,0,5.045,3
0.487,45,51,76.66666667,1128.95,918.0333333,13,12.33333333,5.555555556,175,0,7,3.666666667,2.888888889,0,90.66666667,76.88610818,0.145076913,15974.47013,14001.86136,6776.599419,6656.63998,2434.691162,2276.833901,0,1.984,1
2.602,44,51,84,686.35,630.825,13,14.375,3.9375,175,0,7,2.125,1.6875,0,96.5,83.3308903,0.096195246,3743.460877,2507.971857,2417.285546,2428.331326,0,0,0,2.851,3
4.579,44,50,82.5,584.575,619.4625,13,14.125,4.3125,175,0,7,2.375,2.0625,0,99.375,70.03990668,0.09320635,3519.019392,440.2142605,414.2631851,409.9190767,0,0,6.250434435,4.726,4
0.651,73,14,82.33333333,347.69,390.52,3,15,1.333333333,121,0,3,3,1.333333333,0,83,61.36735166,0.054267663,267.0732447,77.57505759,54.87647635,0,0,0,0,1.612,1
0.819,64,29,83.33333333,488.2566667,579.6755556,6,15,2.666666667,132,0,0,1,0,0,85,94.54526124,0.040027362,1695.491153,87.10523284,84.70506111,0,0,0,0,1.947,1
3.613,49,41,79.6,1111.876,467.0592,10,13.6,3.04,139,0,4,3.2,1.44,0,182,137.8316586,0.078584837,967.8159549,7900.748962,6241.224783,6191.975729,6404.656255,0,0,6.175,3
1.001,50,37,81.14285714,498.1857143,685.0897959,10,14.42857143,2.408163265,154,0,4,2.714285714,1.020408163,0,41.57142857,95.53978144,0.032122347,4063.039956,326.5149429,54.53595813,55.39369675,64.77698646,70.1096456,0,1.954,1
0.36,44,33,57.2,2806,813.6,10,8,4.8,175,8,4,6.4,1.92,0,194,38.80682927,0.255981251,3849.302816,3416.931673,0,0,0,0,0,0.666,0
3.207,55,40,75,1038.4,772.6,9,12.5,4.5,132,0,3,2.5,1.5,0,146.5,61.2089607,0.145931792,1174.595167,2458.252493,0,0,0,0,0,6.377,3
0.885,12,82,53,985.3,813.7,14,10,7,190,0,8,5,4,0,129,95.43003641,0.149941338,3427.131652,431.7015973,0,0,0,0,0,1.804,1
4.173,52,44,74,952.925,566.075,10,12,5,139,0,4,3,2,0,140.5,74.55295912,0.154172825,1073.544541,6713.103478,0,0,0,0,7.621767065,8.189,4
4.596,52,44,81.33333333,764.2333333,503.1777778,10,13.66666667,4.444444444,139,0,4,2.333333333,1.777777778,0,115,90.30722878,0.127277079,1118.64382,0,0,0,0,0,0.020213579,9.361,4
1.61,61,34,83.66666667,753.2,649.8666667,7,14.66666667,3.111111111,124,0,1,1.333333333,0.444444444,0,117.6666667,66.77072593,0.115056646,1437.727683,0,0,0,0,0,0,3.86,2
1.542,62,31,82.66666667,645.0166667,788.6888889,7,14.66666667,3.111111111,139,0,1,0.666666667,0.444444444,0,85,53.28322459,0.07845645,4895.078053,0,0,0,0,0,0,3.774,2
2.492,59,35,82.33333333,860.0666667,917.9555556,8,14.33333333,3.555555556,142,0,2,1.666666667,0.888888889,0,117.6666667,70.31547934,0.088570233,4795.632232,429.9597389,413.3600631,0,0,0,0,5.719,3
2.713,46,49,78.66666667,904.8666667,852.0888889,12,13,5.333333333,153,0,6,3,2.666666667,0,119,90.25161061,0.085122201,914.0269906,0,0,0,0,0,0,5.323,3
2.095,51,38,76.33333333,1561,1422.666667,10,12.66666667,4.444444444,162,0,4,3.333333333,1.777777778,0,85.66666667,114.3844133,0.067163135,15672.58494,2290.560888,2267.101278,0,0,0,0,3.326,2
2.826,49,39,69.2,1496.944,886.8672,10,11.4,4.32,139,0,4,4.2,1.76,0,152.8,31.39697142,0.216187105,1134.484464,383.3084644,0,0,0,0,0,4.688,3
3.292,54,39,82.22222222,721.7266667,890.9688889,10,14.55555556,3.259259259,151,0,4,1.444444444,0.790123457,0,81.55555556,56.61324984,0.066846497,15826.74055,132.9430932,89.33689254,88.40193699,84.16536504,0,0,3.53,2
0.685,45,51,83.25,916.6375,794.68125,13,13.75,4.875,175,0,7,2.75,2.625,0,96.5,100.1829599,0.12497298,15086.895,6856.112233,6594.476522,6603.349328,0,0,0,1.349,1
0.682,62,34,87.5,747.15,540.45,7,15.25,2.625,139,0,1,0.75,0.375,0,104.25,99.33285917,0.115712368,8279.426401,6801.96837,6582.31484,6661.743474,0,0,0,1.774,1
2.024,54,42,85.5,1154.8875,1152.05625,10,14.5,3.75,151,0,4,2,1.5,0,96.5,95.44093101,0.117318941,16616.48805,6809.464411,6582.345138,6639.131785,0,0,0,4.082,2
0.962,43,51,81.25,613.95,663.525,13,13.75,4.875,160,0,7,2.75,2.625,0,96.5,75.9727357,0.079174492,961.680348,425.4792314,430.623728,409.3913732,0,0,0,1.793,1
2.063,46,48,82,674.45,754.275,12,14,4.5,153,0,6,2.5,2.25,0,105.25,82.3709392,0.069418795,1093.315867,408.1212413,423.1304517,410.6454696,0,0,0,3.639,2
1.75,43,53,78,864.55,717.6333333,13,12.66666667,5.777777778,160,0,7,3.333333333,3.111111111,0,107.3333333,86.31685166,0.113375725,6887.030944,0,0,0,0,0,0,3.461,2
4.16,52,43,78,613.2,603.8666667,10,13.33333333,4.222222222,139,0,4,2.666666667,1.555555556,0,97.66666667,46.95071651,0.133256364,2619.85024,1068.456724,66.91387586,0,0,0,6.945726282,7.785,4
0.893,43,52,75.33333333,865.0533333,717.2977778,13,12.33333333,5.555555556,160,0,7,3.666666667,2.888888889,0,109.3333333,63.15987265,0.116389599,2882.608217,2450.357625,367.7206783,366.0734421,360.8011694,797.8061673,0,3.189,1
3.275,49,47,77.66666667,985.07,796.62,11,13,4.666666667,139,0,5,3,2,0,121,62.27199468,0.145474013,6993.542344,977.2500227,365.3587834,0,0,0,0,5.881,3
0.969,43,53,76,940.6166667,666.9222222,13,12.33333333,5.555555556,160,0,7,3.666666667,2.888888889,0,90.66666667,72.34996865,0.135262473,7489.051235,6673.646993,2312.029228,2292.548252,810.6433341,787.6369137,0,3.469,1
1.868,46,44,74.66666667,1098.006667,723.3288889,11,12.33333333,4.888888889,153,0,5,3.666666667,2.222222222,0,150.3333333,67.91843699,0.127549192,6575.613362,0,0,0,0,0,0,3.238,2
3.949,52,40,79.5,410.6525,554.17375,15,10,6,139,0,4,2.5,1.25,0,108.75,31.09043935,0.107501275,1202.713582,72.22597617,61.58003184,0.39294084,0,0,7.706938447,7.781,4
0.344,12,84,54,1092.925,706.075,14,10,7,190,0,8,5,4,0,129,126.7904083,0.14166318,3061.299018,6758.128586,0,0,0,0,0,0.702,0
3.252,52,35,76.30769231,475.68,518.0061538,9,13.30769231,3.313609467,144,0,5,2.384615385,1.207100592,0,87.30769231,81.73967269,0.068620678,5823.246358,1077.747247,105.484519,70.05865978,58.96924127,76.4476907,7.068240287,8.909,3
3.605,49,41,79.4,1206.996,581.2032,10,13.6,3.04,139,0,4,3.2,1.44,0,182.4,134.744043,0.076517581,1057.813757,7869.794336,6253.905064,6329.747113,6373.000486,0,0,6.182,3
0.298,3,84,68.2,864.786,1183.2856,15,12.6,4.64,203,0,3,2.2,0.72,0,91.8,82.04500105,0.118845337,621.4100368,86.39191222,23.06864574,57.36609443,68.65665418,0,0,1.682,1
0.61,3,91,71.66666667,492.63,516.2566667,16,12.83333333,4.888888889,203,0,2,1.5,0.666666667,0,140,145.7068797,0.078496579,17678.20266,44.45139521,575.9198741,487.6235271,439.9830755,419.44365,0,1.409,1
4.272,52,41,72.28571429,684.3,715.4571429,10,12.14285714,4.408163265,139,5,4,3.285714286,1.469387755,0.000310121,152.7142857,24.51651624,0.220434556,1317.845939,99.01249845,52.83000403,44.38820483,0,0,8.369170571,12.661,4
3.725,49,33,62.2,1333.22,1016.136,9,9.6,4.32,139,5,3,4.8,1.44,0,215,25.18126362,0.292144306,1171.522708,996.6314292,0,0,0,0,0,9.944,3
3.086,50,39,76,1294.666667,1067.555556,10,12.66666667,4.444444444,154,0,4,3.333333333,1.777777778,0,85.66666667,113.6785731,0.07480537,4144.776512,2295.745252,2262.916145,0,0,0,0,5.34,3
3.805,57,37,81.66666667,1216.4,1393.066667,9,14,4,144,0,3,2,1.333333333,0,107.3333333,63.28847644,0.092593752,16334.35941,0,0,0,0,0,0,8.258,4
3.367,56,39,82,1046.2,1040.533333,9,14,4,146,0,3,2,1.333333333,0,107.3333333,70.10640356,0.104336758,4470.770777,0,0,0,0,0,0,7.477,3
0.282,85,4,87.66666667,630.5933333,182.1244444,1,15.66666667,0.444444444,139,0,1,2.333333333,0.444444444,0,64.66666667,113.7395757,0.074765249,6468.626842,2419.114406,2168.362997,0,0,0,0,0.717,0
0.895,48,42,76,1578.44,1141.04,11,12.33333333,4.888888889,170,0,5,3.666666667,2.222222222,0,177.6666667,128.3662707,0.092854431,15222.17814,6388.605049,6363.014826,0,0,0,0,1.514,1
2.988,54,42,84.22222222,943.96,742.8133333,10,14.55555556,3.259259259,151,0,4,1.444444444,0.790123457,0,114.2222222,89.7109458,0.123708707,15955.17119,7909.045455,6541.433563,6658.315751,6597.065317,0,0,3.075,1
4.152,55,39,84.25,581.45,614.775,9,14.75,3.375,132,0,3,1.75,1.125,0,105.25,66.38611351,0.090607846,1373.109384,410.7077986,433.2653279,425.2241556,0,0,0,9.522,4
0.662,45,51,83.25,916.6375,794.68125,13,13.75,4.875,175,0,7,2.75,2.625,0,96.5,100.3339136,0.124784956,15109.53658,6835.319992,6625.569798,6556.512736,0,0,0,1.245,1
1.019,43,53,82.75,775.3875,582.80625,13,13.75,4.875,160,0,7,2.75,2.625,0,96.5,102.8313669,0.111775625,785.5091286,6656.037762,6782.099989,6562.044215,0,0,0,1.805,1
2.253,46,50,83.5,835.8875,673.55625,12,14,4.5,153,0,6,2.5,2.25,0,105.25,100.5032382,0.111409633,874.8829235,6796.809475,6579.859782,6677.018647,0,0,0,3.755,2
3.932,49,37,73,1271.466667,605.6888889,9,12,4,148,0,3,4,1.333333333,0,135.6666667,60.11480262,0.194194828,20180.14855,0,0,0,0,0,0,7.31,4
0.493,45,50,76,1053.386667,968.4088889,13,12.33333333,5.555555556,175,0,7,3.666666667,2.888888889,0,109.3333333,68.5529711,0.127190926,15655.97579,13963.38989,2491.046708,2441.513725,405.6840393,366.7125669,0,2.028,1
4.347,52,43,78.66666667,759.6,506.2666667,10,13.33333333,4.222222222,139,0,4,2.666666667,1.555555556,0,98.33333333,65.7085981,0.122943286,1079.682893,2497.368608,2271.606139,0,0,0,6.354353072,7.932,4
0.569,44,51,76,962.6,776.9333333,13,12.33333333,5.555555556,175,0,7,3.666666667,2.888888889,0,90.66666667,72.43207315,0.13042005,4530.325559,3441.760357,2410.42112,2423.017795,2294.19955,2254.900142,0,2.233,1
0.947,43,51,75.33333333,868.8666667,714.7555556,13,12.33333333,5.555555556,160,0,7,3.666666667,2.888888889,0,90.66666667,61.72211451,0.119100785,2726.711366,2287.027984,796.8530917,796.4000064,428.9637592,418.3772773,0,3.37,1
3.379,49,47,78,1020.283333,773.1444444,11,13,4.666666667,139,0,5,3,2,0,102.3333333,67.58354193,0.144802053,7008.911393,1039.703662,2271.986939,0,0,0,0,5.944,3
3.365,55,24,67.33333333,1315.133333,330.5777778,12,8,4,141,0,4,2.666666667,1.777777778,0,216,44.87466411,0.251162052,186.7062719,1974.256193,1176.733874,0,0,0,0,6.647,3
2.054,46,50,77,1021.283333,774.4777778,12,12.66666667,5.111111111,153,0,6,3.333333333,2.444444444,0,102.3333333,67.8223774,0.13845313,7005.458755,940.724363,2273.01507,0,0,0,0,3.742,2
4.215,52,40,80,577.4325,470.78375,15,10,6,139,0,4,2.5,1.25,0,137.75,42.67916125,0.116784574,1211.253118,377.6844721,362.756027,0.475978102,0,0,6.597965944,7.813,4
4.585,44,52,84,746.0125,538.74375,13,14.125,4.3125,175,0,7,2.375,2.0625,0,99.375,104.0902074,0.115352846,1115.865733,6831.161205,6598.358735,6655.695929,0,0,6.250434435,4.664,4
3.669,55,38,84.71428571,430.2814286,538.2591837,9,15.14285714,2.653061224,132,0,4,2,1.428571429,0,75.57142857,132.9748831,0.023950028,1247.962348,104.7099303,84.75994436,91.82347503,0,0,0,7.631,3
1.047,46,46,79,518.6688889,739.702716,15,10.22222222,6.419753086,153,0,6,2.888888889,1.827160494,0,100.6666667,69.00205787,0.040686037,983.4034478,0.245678018,76.93787406,68.19282032,55.04041245,0,0,1.928,1
1.933,46,42,80.5,638.269,428.2784,11,14.2,2.48,153,0,6,2.6,1.04,0,87.8,107.7233916,0.056602006,5379.967328,892.1653378,483.5963877,247.4200906,305.9083229,390.9164433,0,3.594,2
4.556,52,30,74.2,1877.686667,1556.250667,8,13.06666667,2.293333333,139,0,2,3.733333333,0.586666667,0,199.4,127.9131257,0.026061819,1322.422831,98.82333417,-9.347437808,-8.308909942,62.79805043,33.40211202,6.250434435,9.21,4
1.788,59,36,77,1251.4,985.6,8,13,4,142,0,2,2,1,0,144.5,73.06542462,0.114121153,4900.721936,2458.703573,0,0,0,0,0,3.829,2
0.441,11,83,52.5,992.8,821.2,14,10,7,170,0,8,5,4,0,129,49.13351608,0.217225192,823.1962512,431.055962,0,0,0,0,0,0.9,0
2.121,59,34,76,1145.25,1091.75,8,13,4,142,0,2,2,1,0,120,34.56605705,0.156650691,4988.717403,92.91140405,0,0,0,0,0,4.598,2
3.377,55,34,72,1152.5,658.5,8,12,4,132,0,2,3,1,0,121.5,57.35267171,0.155743979,1174.366283,2258.490987,0,0,0,0,0,6.74,3
1.616,43,53,69.5,1163.925,777.075,13,10.5,6.5,160,0,7,4.5,3.5,0,129,68.69635928,0.167316586,753.7883151,6713.085036,0,0,0,0,0,3.197,2
2.025,1,57,20,891.7933333,584.1377778,8,3.666666667,3.555555556,128,0,2,1.666666667,0.888888889,0,217.3333333,36.27323976,0.329408089,1362.519046,0,0,0,0,0,0,4.005,2
1.641,61,34,83.66666667,753.2,649.8666667,7,14.66666667,3.111111111,124,0,1,1.333333333,0.444444444,0,117.6666667,70.33404632,0.109227553,1437.184107,0,0,0,0,0,0,3.832,2
2.648,46,42,74,986.5733333,797.6177778,11,12.33333333,4.888888889,153,0,5,3.666666667,2.222222222,0,123,96.18297255,0.064750113,983.8358994,372.4478214,361.1841274,0,0,0,0,4.977,3
0.936,61,33,71,1176.61875,689.2265625,7,12.125,2.65625,142,2,4,2.125,0.71875,0.5953947,174,37.89149741,0.249086504,5734.878472,434.658137,1443.426262,1387.99822,0,0,0,3.688,2
3.92,55,41,85.75,742.8875,534.05625,9,14.75,3.375,139,0,3,1.75,1.125,0,105.25,90.708237,0.126714405,1174.356845,6774.753712,6561.257927,6671.732097,0,0,0,9.176,4
1.559,61,34,86.5,631.35,548.325,7,15.25,2.625,124,0,1,1.25,0.375,0,104.25,89.58091245,0.08209861,1357.243697,2525.964906,2445.544103,2389.901832,0,0,0,2.787,2
0.907,63,32,87,709.7,665.85,7,15.25,2.625,136,0,1,1.25,0.375,0,104.25,97.16858205,0.07568772,18140.82916,2470.670253,2453.454075,2397.312433,0,0,0,1.863,1
2.31,46,50,83.5,835.8875,673.55625,12,14,4.5,153,0,6,2.5,2.25,0,105.25,107.7933549,0.103874946,876.25153,6569.897344,6755.534408,6724.074019,0,0,0,3.739,2
3.556,52,42,76,584.55,622.9666667,10,13,4,139,0,4,3,1.333333333,0,158.3333333,42.50770215,0.132000996,1214.360784,433.7521459,48.04793963,0,0,0,7.480268716,6.105,3
2.022,46,48,76.33333333,949.5333333,822.3111111,12,12.66666667,5.111111111,153,0,6,3.333333333,2.444444444,0,102.3333333,62.11521418,0.111971554,2497.203607,886.2630498,434.9092279,0,0,0,0,3.737,2
3.413,8,71,47.33333333,1357.466667,302.3555556,12,8,4,195,0,4,2.666666667,1.777777778,0,226.3333333,50.33487243,0.352211699,3212.663153,1967.531457,1179.312459,0,0,0,0,6.606,3
0.945,43,53,75.66666667,905.4033333,690.3977778,13,12.33333333,5.555555556,160,0,7,3.666666667,2.888888889,0,109.3333333,69.07938352,0.131138358,7433.511581,6666.905383,803.3123356,802.013332,367.1561332,361.454302,0,3.417,2
1.647,44,51,84.375,681.35,623.325,13,14.5,3.75,175,0,7,2,1.5,0,100.375,85.26301744,0.094015386,3737.393327,2506.285417,2418.58298,2404.037918,0,0,0,1.855,2
0.377,12,82,53,985.3,813.7,14,10,7,190,0,8,5,4,0,129,110.5040634,0.129487612,3532.094147,431.4810873,0,0,0,0,0,0.763,0
0.623,69,25,83.33333333,306.36,257.5466667,5,15,2,122,0,2,1,0.666666667,0,90,102.2259431,0.05021414,2022.100839,1679.466761,450.4699112,403.6836055,80.32359166,66.28146911,0,3.446,2
2.019,46,43,81.1,701.653,402.9248,11,14.2,2.48,153,0,6,2.6,1.04,0,54.2,119.197691,0.06213595,5228.360426,249.2256868,2202.962358,2222.766235,2281.087517,0,0,1.815,2
4.115,52,40,74.22222222,1371.18,1188.244444,15,9.222222222,5.135802469,139,5,4,3.222222222,1.530864198,0.000310121,161.2222222,20.48431981,0.213149963,1324.987829,75.94107895,72.02930694,-1.146644035,27.59833248,0,8.751051073,11.242,4
2.673,49,38,67.85714286,2042.228571,1135.673469,10,11.14285714,4.408163265,139,5,4,4.285714286,1.469387755,0,157,22.81179976,0.245268983,1181.875801,39.40586521,27.60136597,70.16653975,0,0,0,6.483,3
4.098,52,41,69.44444444,1961.333333,1241.111111,10,11.55555556,4.049382716,139,5,4,3.777777778,1.234567901,0.000310121,164.4444444,19.43305207,0.293506958,1358.615703,989.1075484,93.96477011,39.72998495,29.29531434,0,9.649515438,14.209,4
3.496,49,28,61,2884.142857,804.7346939,8,9.428571429,3.918367347,139,5,2,5.142857143,0.979591837,0,214,23.35251888,0.307623141,1234.205434,939.9119272,33.70787778,29.74617462,0,0,0,11.446,3
1.03,61,34,78,996.9,731.1,7,13.5,3.5,124,0,1,1.5,0.5,0,144.5,57.58195681,0.144807696,1346.113636,2446.411418,0,0,0,0,0,2.17,1
3.959,49,47,80.33333333,984.5666667,796.9555556,11,13.33333333,4.888888889,139,0,5,2.666666667,2.222222222,0,119,111.1367508,0.103422497,1019.179128,0,0,0,0,0,0,7.393,4
3.339,49,40,75.66666667,1056,749.3333333,10,12.66666667,4.444444444,139,0,4,3.333333333,1.777777778,0,85.66666667,88.80540488,0.090967785,1009.89328,0,0,0,0,0,0,4.67,3
3.263,52,35,75.33333333,542.8666667,650.7555556,9,13,4,139,0,3,3,1.333333333,0,80.33333333,41.12619957,0.107827434,1136.734417,0,0,0,0,0,1.836954286,5.974,3
1.668,61,33,83,690.4,691.7333333,7,14.66666667,3.111111111,124,0,1,1.333333333,0.444444444,0,117.6666667,58.85222547,0.105821969,1502.351418,0,0,0,0,0,0,3.894,2
3.105,54,42,82,1410.9,1365.4,10,13.66666667,4.444444444,151,0,4,2.333333333,1.777777778,0,107.3333333,77.60529547,0.143006029,15908.34294,0,0,0,0,0,0,6.344,3
3.401,56,38,81.33333333,983.4,1082.4,9,14,4,146,0,3,2,1.333333333,0,107.3333333,63.00096281,0.093016316,4407.042339,0,0,0,0,0,0,7.535,3
0.424,65,30,87.5,508.0825,363.42375,6,15.5,2.25,145,0,0,1,0,0,104.25,91.91639424,0.098647156,5527.685898,2506.333954,2407.695153,2439.845993,0,0,0,3.321,1
3.247,49,46,83.5,744.35,717.825,11,14.25,4.125,139,0,5,2.25,1.875,0,105.25,80.217143,0.095384596,963.7202552,2498.869442,2398.904317,2433.802477,0,0,0,5.798,3
3.863,55,41,85.75,742.8875,534.05625,9,14.75,3.375,139,0,3,1.75,1.125,0,105.25,104.9879457,0.109479619,1178.730051,6708.002265,6751.393055,6575.731813,0,0,0,9.146,4
1.507,61,34,86.5,631.35,548.325,7,15.25,2.625,124,0,1,1.25,0.375,0,104.25,77.28168961,0.095164436,1399.053164,2393.438395,2491.977177,2439.472844,0,0,0,2.169,1
0.819,63,32,87,709.7,665.85,7,15.25,2.625,136,0,1,1.25,0.375,0,104.25,87.33713641,0.084207803,18086.6009,2402.141256,2490.963707,2442.373939,0,0,0,1.858,1
0.539,45,50,76.33333333,1088.6,944.9333333,13,12.33333333,5.555555556,175,0,7,3.666666667,2.888888889,0,90.66666667,70.75413041,0.133512977,15742.76069,13978.79638,2487.190493,2449.090788,2309.257474,2268.555669,0,2.228,1
0.549,44,51,75.66666667,927.3866667,800.4088889,13,12.33333333,5.555555556,175,0,7,3.666666667,2.888888889,0,109.3333333,70.07788061,0.124423225,4243.306659,3409.990766,372.0481717,365.9779961,2477.983231,2422.989284,0,2.17,1
0.512,45,49,75.66666667,1021.986667,989.3422222,13,12.33333333,5.555555556,175,0,7,3.666666667,2.888888889,0,109.3333333,64.70804408,0.123509176,15577.26803,13950.55941,435.1537322,426.6598015,377.6934926,364.9889597,0,2.109,1
4.097,52,42,77.66666667,581.8,624.8,10,13.33333333,4.222222222,139,0,4,2.666666667,1.555555556,0,97.66666667,45.29445919,0.122072394,1211.061156,434.3326216,66.76641856,0,0,0,6.950054288,7.767,4
4.347,52,44,79,799.95,479.3666667,10,13.33333333,4.222222222,139,0,4,2.666666667,1.555555556,0,98.33333333,69.67777551,0.140449886,7007.653542,1144.456266,2274.366025,0,0,0,6.330051358,7.894,4
1.693,44,50,83.625,610.7,658.65,13,14.5,3.75,175,0,7,2,1.5,0,100.375,76.20949785,0.083712117,3519.971645,438.1495593,414.4461355,409.1605896,0,0,0,1.898,2
0.339,4,73,52.66666667,2652.82,1560.24,13,9.666666667,5.777777778,220,0,3,3,1.333333333,0,205.6666667,122.873894,0.155267876,2999.883488,74.64182407,-6.081519822,0,0,0,0,1.271,1
4.55,52,38,83.42857143,785.4914286,209.5738776,9,14.42857143,2.12244898,148,0,3,2.714285714,0.816326531,0,121.2857143,95.16070804,0.137789119,1110.91186,6331.46407,6547.711062,6128.164743,0,0,4.83E-07,9.244,4
0.747,64,28,85.77777778,239.31,305.1444444,15,12.11111111,5.185185185,132,0,1,1.666666667,0.444444444,0,76.33333333,96.36028813,0.024596825,2514.284853,2319.016017,0.478136044,0.109466928,0.365392551,73.60125459,0,1.908,1
1.636,61,27,79.28571429,1468.117143,1419.899592,6,14.28571429,1.387755102,124,0,2,2.857142857,0.734693878,0,163,91.0638051,0.037427099,1497.360916,64.54071867,31.56836199,30.88221958,0,0,0,3.804,2
3.538,49,28,60.2,2837.2,788.64,8,9.2,3.84,139,5,2,5.2,0.96,0,215,29.20387905,0.255826502,1188.91061,988.6983868,0,0,0,0,0,9.25,3
0.343,45,32,58.71428571,3070.428571,645.0612245,10,8.285714286,4.897959184,175,8,4,6.285714286,1.959183673,0,194,30.72677022,0.310126917,15840.56867,13740.15079,34.57933379,30.84919205,0,0,0,0.666,1
0.956,61,34,78,996.9,731.1,7,13.5,3.5,124,0,1,1.5,0.5,0,144.5,64.13316602,0.130015576,1407.772609,2451.195896,0,0,0,0,0,1.968,2
1.946,58,36,76,969.8,798.2,8,13,4,126,0,2,2,1,0,129,60.18414038,0.120420304,1453.822773,425.9070013,0,0,0,0,0,4.03,2
4.092,52,35,69.5,786.9,732.1,9,11.5,4.5,139,0,3,3.5,1.5,0,114.5,34.83758236,0.177951772,1281.232475,67.09406996,0,0,0,0,9.624421659,8.041,4
3.791,55,34,77.66666667,933,585.3333333,8,13.33333333,3.555555556,132,0,2,2.666666667,0.888888889,0,85.66666667,58.12716044,0.138978593,1199.745985,0,0,0,0,0,0,7.98,4
0.767,71,16,81.66666667,114.64,79.78666667,4,14.66666667,1.777777778,132,0,2,1.333333333,0.888888889,0,63.33333333,57.94600992,0.091733232,18958.9009,67.66248125,64.1841685,0,0,0,0,3.455,1
3.3,52,35,75.33333333,542.8666667,650.7555556,9,13,4,139,0,3,3,1.333333333,0,80.33333333,59.50256047,0.074526752,1134.568924,0,0,0,0,0,1.325068808,5.861,3
1.687,61,33,83,690.4,691.7333333,7,14.66666667,3.111111111,124,0,1,1.333333333,0.444444444,0,117.6666667,62.29244829,0.099977743,1502.429635,0,0,0,0,0,0,3.874,2
1.756,56,32,77.33333333,1127.906667,986.0622222,8,13.33333333,3.555555556,146,0,2,2.666666667,0.888888889,0,111.3333333,56.92169584,0.102950508,4407.265206,0,0,0,0,0,0,3.802,2
2.193,51,39,77,1713.44,1321.04,10,12.66666667,4.444444444,162,0,4,3.333333333,1.777777778,0,177.6666667,121.1651708,0.091594185,15730.45382,6393.015114,6350.555719,0,0,0,0,3.584,2
0.725,12,75,55,1506.12,1161.056,13,10.4,5.92,190,0,7,5.2,3.04,0,121.2,44.05957922,0.236517744,3436.558276,76.43817007,0,0,0,0,0,1.113,1
0.228,65,29,86.75,437.4325,398.74875,6,15.5,2.25,145,0,0,1,0,0,104.25,91.61930328,0.081106421,5425.026352,430.4335579,427.2862127,414.0748429,0,0,0,1.67,1
3.109,49,45,82.75,673.7,753.15,11,14.25,4.125,139,0,5,2.25,1.875,0,105.25,70.16146534,0.085732285,1145.927279,436.5065375,413.090582,422.8142315,0,0,0,5.767,3
1.59,61,33,85.75,560.7,583.65,7,15.25,2.625,124,0,1,1.25,0.375,0,104.25,79.03685814,0.072347149,1655.319497,439.6811733,422.8184944,409.9961248,0,0,0,2.536,2
0.738,63,31,86.25,639.05,701.175,7,15.25,2.625,136,0,1,1.25,0.375,0,104.25,78.48615897,0.072854773,18062.91497,414.1302915,434.0186648,425.7027534,0,0,0,1.826,1
1.403,48,47,83.25,1021.85,1134.075,12,14,4.5,170,0,6,2.5,2.25,0,105.25,74.86338605,0.10646703,15507.94336,2535.532913,2399.801104,2391.124461,0,0,0,2.911,1
4.362,52,42,78.33333333,728.2,527.2,10,13.33333333,4.222222222,139,0,4,2.666666667,1.555555556,0,98.33333333,65.23891033,0.112680488,2503.175702,1083.886647,435.132823,0,0,0,6.379939575,8.067,4
0.92,43,51,75,833.6533333,738.2311111,13,12.33333333,5.555555556,160,0,7,3.666666667,2.888888889,0,109.3333333,59.03501685,0.112202451,1112.960264,809.4870289,363.460032,360.0444046,430.5238759,419.1738708,0,3.309,1
2.453,51,45,78.33333333,1490.07,1469.953333,11,13,4.666666667,162,0,5,3,2,0,121,66.79436255,0.129695702,15822.87993,6767.431651,366.1509443,0,0,0,0,4.824,3
0.561,44,52,76.33333333,1002.95,750.0333333,13,12.33333333,5.555555556,175,0,7,3.666666667,2.888888889,0,90.66666667,78.47907668,0.142132142,7704.948171,6691.821499,3400.247017,3405.072843,2288.642838,2256.341053,0,2.175,1
2.745,58,36,85.63636364,231.7818182,279.3123967,8,15.54545455,1.190082645,126,0,2,1.909090909,0.330578512,0,38,67.89509723,0.034708363,1379.062071,103.1325397,67.80727571,32.31567509,68.43409177,0,0,5.925,3
0.751,64,23,80.8,546.714,590.2968,5,14.6,1.68,132,0,3,2.2,0.72,0,97.2,94.70400584,0.044774371,2178.988402,1995.237544,77.65075622,65.5708679,56.74511547,0,0,0,1
3.416,52,35,69.14285714,1758.942857,1179.461224,9,11.57142857,3.918367347,139,5,3,3.857142857,1.06122449,0.000310121,151.8571429,22.74538689,0.245985128,1302.473368,39.21327738,27.74003644,70.21447595,0,0,8.740509243,9.228,4
4.082,52,25,62.71428571,2506.428571,1128.489796,7,10,3.428571429,139,5,1,4.571428571,0.489795918,0.000310121,207.1428571,22.36412725,0.32121867,1355.97482,989.4698573,33.81762905,29.96033932,0,0,10.22656708,13.854,4
0.373,7,89,51.5,750.925,364.075,15,9.5,7.5,176,0,1,0.5,0.5,0,144.5,117.9454646,0.152286758,632.4972068,6734.677854,0,0,0,0,0,0.903,0
2.281,58,36,76,969.8,798.2,8,13,4,126,0,2,2,1,0,129,41.97190622,0.172672464,1519.039157,430.4262947,0,0,0,0,0,4.782,2
2.339,58,35,75.5,910.75,857.25,8,13,4,126,0,2,2,1,0,104.5,30.40952985,0.178062494,1506.863782,91.84307327,0,0,0,0,0,4.919,2
1.978,58,31,73.5,1131,637,7,12.5,3.5,126,0,1,2.5,0.5,0,104,53.92653008,0.154623531,1194.607433,2290.720889,0,0,0,0,0,3.831,2
3.512,55,34,72,1152.5,658.5,8,12,4,132,0,2,3,1,0,121.5,55.19083394,0.161844507,1120.855309,2277.068499,0,0,0,0,0,7.273,4
2.031,58,29,77.33333333,625.8666667,761.4222222,7,13.66666667,3.111111111,126,0,1,2.333333333,0.444444444,0,72.66666667,37.01927242,0.109092294,1366.547821,0,0,0,0,0,0,4.692,2
1.314,63,32,84.33333333,857.6666667,789.1555556,7,14.66666667,3.111111111,136,0,1,1.333333333,0.444444444,0,117.6666667,79.88219713,0.096171814,17406.27926,0,0,0,0,0,0,3.604,1
1.75,43,53,78.33333333,904.9,690.7333333,13,12.66666667,5.777777778,160,0,7,3.333333333,3.111111111,0,107.3333333,104.7377494,0.109741143,826.9464148,0,0,0,0,0,0,3.426,2
3.669,52,35,72,642.13,701.496,9,12.2,4.16,139,0,3,3.4,1.28,0,130.4,27.62748702,0.1878418,1232.949918,77.21461797,0,0,0,0,8.761239907,6.925,4
0.924,61,34,71.125,1184.31375,679.6078125,7,12.125,2.65625,124,2,4,2.125,0.71875,0.5953947,164.625,37.21986696,0.246756652,2737.18991,1594.986284,1409.497629,1433.246929,0,0,0,3.516,1
0.525,65,29,86.75,437.4325,398.74875,6,15.5,2.25,145,0,0,1,0,0,104.25,80.98707349,0.09175432,5412.823428,438.6202604,415.7019293,423.9949177,0,0,0,3.37,1
3.453,49,47,84.25,835.1375,672.43125,11,14.25,4.125,139,0,5,2.25,1.875,0,105.25,96.0339264,0.119687289,968.7780604,6805.945404,6580.632679,6649.816949,0,0,0,5.932,3
1.449,61,33,85.75,560.7,583.65,7,15.25,2.625,124,0,1,1.25,0.375,0,104.25,67.87065926,0.084249827,1619.736003,411.6878925,434.4947111,424.2372468,0,0,0,2.152,1
0.775,63,31,86.25,639.05,701.175,7,15.25,2.625,136,0,1,1.25,0.375,0,104.25,86.9668206,0.065750263,18058.44073,432.7251818,439.2041774,412.446433,0,0,0,1.758,1
0.654,44,51,82.25,731.35,698.325,13,13.75,4.875,175,0,7,2.75,2.625,0,96.5,85.62789608,0.101340835,3958.565245,2526.588524,2408.066558,2411.932116,0,0,0,1.307,1
0.581,71,24,84.33333333,184.9733333,86.78222222,5,15,2,132,0,2,1,0.666666667,0,80.66666667,58.36333416,0.122294658,19036.08655,2492.142415,67.60015958,0,0,0,0,1.732,1
0.546,45,49,76,1057.2,965.8666667,13,12.33333333,5.555555556,175,0,7,3.666666667,2.888888889,0,90.66666667,66.9558104,0.130224932,15661.93146,13963.63575,2313.028803,2274.746065,468.260631,425.0364111,0,2.258,1
0.569,44,50,75.66666667,931.2,797.8666667,13,12.33333333,5.555555556,175,0,7,3.666666667,2.888888889,0,90.66666667,68.53333385,0.127227371,4225.697157,3410.355881,433.6943294,424.4245423,2300.051623,2257.204685,0,2.238,1
1.573,44,52,85.125,772.1375,577.93125,13,14.5,3.75,175,0,7,2,1.5,0,100.375,99.93172146,0.118666984,1461.8621,6821.784713,6614.6701,6590.666869,0,0,0,1.83,2
0.736,64,32,86.44444444,273.3633333,291.4177778,6,15.66666667,1.037037037,139,0,1,1.666666667,0.444444444,0,47.22222222,85.27065781,0.050457304,7456.467132,6663.875001,1584.10768,103.5515514,55.47931053,58.33199703,0,1.904,1
3.097,48,42,74.6,1453.796,877.3632,11,12.2,4.56,170,0,5,3.4,1.68,0,182.8,123.8722641,0.094849662,15363.04114,1159.595186,6498.842538,6534.721941,6220.317137,0,0,5.502,4
1.621,63,19,77,1658.784706,1572.694948,5,13.88235294,1.134948097,136,0,3,3.058823529,0.664359862,0,199.4705882,113.6050362,0.025237741,17391.53492,107.3815584,-11.0381632,-10.96039795,62.5737417,42.35271489,0,4.285,2
4.324,52,40,75.33333333,535.6355556,655.5762963,15,9.444444444,5.382716049,139,5,4,3,1.333333333,0.000310121,161.2222222,20.50246521,0.209856992,1311.07605,78.26546868,52.34821874,43.18917099,-1.139222492,0,8.311468238,12.593,4
4.39,52,40,73.81818182,582.07,681.4036364,15,9.727272727,5.157024793,139,5,4,3.181818182,1.32231405,0.000310121,169.2727273,17.66454009,0.264359392,1373.480483,982.343264,73.92919192,55.26401831,42.35127317,0,9.764007479,16.504,4
4.013,52,25,62,2440.6,1105.92,7,9.8,3.36,139,5,1,4.6,0.48,0.000310121,207.8,29.3648234,0.254424353,1310.704145,1090.044014,0,0,0,0,9.123222618,10.866,4
0.362,11,71,39.4,1113.62,840.456,12,7.8,5.76,170,9,6,6.6,2.88,6.35E-06,194,35.82052137,0.30023319,850.1589416,722.2016676,0,0,0,0,0,0.765,0
2.258,58,35,75.5,910.75,857.25,8,13,4,126,0,2,2,1,0,104.5,51.06351581,0.106040421,1446.157771,90.53665208,0,0,0,0,0,4.629,2
3.409,55,38,74,932.25,878.75,9,12.5,4.5,132,0,3,2.5,1.5,0,122,51.90814657,0.1157587,1321.934099,90.77789074,0,0,0,0,0,6.865,3
1.348,61,32,77,890.75,837.25,7,13.5,3.5,124,0,1,1.5,0.5,0,120,50.26980609,0.107714693,1576.965585,90.6972645,0,0,0,0,0,2.782,1
0.954,61,35,78.5,1057.425,670.575,7,13.5,3.5,139,0,1,1.5,0.5,0,144.5,71.43717813,0.15258186,1411.362158,6685.602092,0,0,0,0,0,1.972,1
1.054,61,28,75,1111,617,6,13,3,124,0,0,2,0,0,119.5,57.2127772,0.145742104,1405.488998,2243.946976,0,0,0,0,0,2.114,1
0.398,66,21,80,482.31,570.0133333,5,14.33333333,2.222222222,136,0,1,1.666666667,0.444444444,0,83,52.27175603,0.077260028,17919.32885,0,0,0,0,0,0,1.716,1
0.842,71,16,81.66666667,114.64,79.78666667,4,14.66666667,1.777777778,132,0,2,1.333333333,0.888888889,0,63.33333333,61.25519964,0.086777527,18468.23317,0,0,0,0,0,0,3.406,1
4.614,52,43,80.66666667,683.5333333,556.9777778,10,13.66666667,4.444444444,139,0,4,2.333333333,1.777777778,0,115,78.71285071,0.102631666,1104.895934,0,0,0,0,0,0.060796764,9.43,4
1.749,43,53,78.33333333,904.9,690.7333333,13,12.66666667,5.777777778,160,0,7,3.333333333,3.111111111,0,107.3333333,88.51198804,0.129858571,822.8370316,0,0,0,0,0,0,3.441,2
2.687,46,48,78,842.0666667,893.9555556,12,13,5.333333333,153,0,6,3,2.666666667,0,119,78.22996978,0.079609623,940.0047917,0,0,0,0,0,0,5.294,3
3.423,49,43,76.85714286,651.5242857,873.4146939,15,8.714285714,5.959183673,139,0,5,3,1.714285714,0,152,24.59397428,0.151482426,1127.487707,70.24054843,-0.798354389,-0.803904857,0,0,0,6.634,3
3.709,49,41,79.75,1086.995,546.5025,10,13.5,3.75,139,0,4,3,1.5,0,171.25,60.5259865,0.189902569,981.1963307,6634.883687,6330.189035,6225.759,0,0,0,6.151,3
1.476,61,35,87.25,722.1375,502.93125,7,15.25,2.625,139,0,1,1.25,0.375,0,104.25,91.33477755,0.122593269,1405.524135,6794.483368,6568.371502,6659.447825,0,0,0,2.574,2
0.726,63,33,87.75,800.4875,620.45625,7,15.25,2.625,139,0,1,1.25,0.375,0,104.25,99.72069658,0.112283902,18188.80542,6796.575688,6583.173633,6658.445298,0,0,0,1.773,1
0.673,48,46,82.5,951.2,1169.4,12,14,4.5,170,0,6,2.5,2.25,0,105.25,65.15453671,0.097216642,15491.13324,446.7963084,413.6305696,411.294295,0,0,0,1.438,1
2.132,46,44,79,1087.745,547.6275,11,13.25,4.125,153,0,5,3.25,1.875,0,171.25,59.38408797,0.18855268,888.7735847,6612.779585,6413.958633,6275.11253,0,0,0,3.737,2
0.701,44,51,82.25,731.35,698.325,13,13.75,4.875,175,0,7,2.75,2.625,0,96.5,86.16848626,0.100705059,3980.90982,2511.346304,2425.626504,2387.968559,0,0,0,1.344,1
3.371,1,84,47,1056.156667,503.2288889,14,8,4.666666667,139,0,3,2.666666667,1.111111111,0,208,46.8323392,0.26359379,6454.649978,7.135019064,1178.512606,0,0,0,0,6.632,3
2.935,50,46,78,1223.736667,1114.842222,11,13,4.666666667,154,0,5,3,2,0,121,67.08135038,0.141384955,7034.493936,3784.642364,366.2495663,0,0,0,0,5.676,3
0.521,44,52,76,967.7366667,773.5088889,13,12.33333333,5.555555556,175,0,7,3.666666667,2.888888889,0,109.3333333,75.75327095,0.137645813,7627.951189,6685.353418,3374.350644,3378.276473,399.0927249,366.6785418,0,2.031,1
3.785,55,32,76.33333333,640.2,780.5333333,8,13.33333333,3.555555556,132,0,2,2.666666667,0.888888889,0,84.33333333,61.10421019,0.072573274,1325.115949,78.78995062,53.82958974,0,0,0,0,7.877,4
3.13,55,35,70.66666667,1348.286667,462.7133333,8,11.66666667,3.666666667,138,4,2,3.333333333,0.888888889,2.1106628,202.6666667,48.01889265,0.227866675,6765.864678,1367.43866,1131.92029,0,0,0,0,8.772,4
1.026,1,86,66,636.71125,773.144375,15,11.375,5.78125,153,0,6,3.125,1.9375,0,93.375,88.69457305,0.053422002,1087.949175,875.2205334,6.391519773,92.97506466,74.43242882,65.05450667,0,1.921,1
0.847,11,84,53,1039.9,774.1,14,10,7,170,0,8,5,4,0,129,81.97229623,0.143511357,705.4125648,2468.473876,0,0,0,0,0,1.731,1
0.848,12,83,53.5,1032.4,766.6,14,10,7,190,0,8,5,4,0,129,98.42079287,0.156469227,3512.179697,2473.221957,0,0,0,0,0,1.731,1
1.929,58,38,77,1077.425,690.575,8,13,4,139,0,2,2,1,0,129,72.23250173,0.150901841,1292.72284,6684.800161,0,0,0,0,0,3.982,1
3.536,55,38,74,932.25,878.75,9,12.5,4.5,132,0,3,2.5,1.5,0,122,31.05483871,0.193490606,1367.490474,92.05321401,0,0,0,0,0,7.271,4
0.519,11,82,52,933.75,880.25,14,10,7,170,0,8,5,4,0,104.5,42.26851383,0.209149576,806.8038827,92.46341802,0,0,0,0,0,1.08,0
3.111,55,35,72.5,1266.83,544.17,8,12,4,138,0,2,3,1,0,190.5,59.24920019,0.19399486,1175.142845,6358.615893,0,0,0,0,0,6.062,3
0.591,11,79,50.5,1268.33,545.67,13,9.5,6.5,170,0,7,5.5,3.5,0,173,88.22593487,0.162374732,687.433996,6384.452021,0,0,0,0,0,1.108,0
0.412,65,22,79.66666667,448.1766667,524.5022222,5,14.33333333,2.222222222,145,0,1,1.666666667,0.444444444,0,83,85.13788893,0.074259308,5153.440712,0,0,0,0,0,0,1.68,1
2.612,58,37,82.66666667,766.5333333,667.6444444,8,14.33333333,3.555555556,126,0,2,1.666666667,0.888888889,0,107.3333333,71.65125928,0.10721955,1321.305785,0,0,0,0,0,0,5.763,3
4.011,49,37,73.66666667,1089.6,726.9333333,9,12,4,148,0,3,4,1.333333333,0,84.33333333,61.14825765,0.249713355,1018.040903,0,0,0,0,0,0,7.362,4
3.552,49,41,76.33333333,1208.44,647.7066667,10,12.66666667,4.444444444,139,0,4,3.333333333,1.777777778,0,177.6666667,72.36334252,0.158837886,1011.275319,0,0,0,0,0,0,6.123,3
3.703,55,35,78.33333333,1085.44,483.7066667,8,13.33333333,3.555555556,138,0,2,2.666666667,0.888888889,0,177.6666667,68.20317074,0.16852648,1223.858857,0,0,0,0,0,0,7.893,4
1.94,51,37,75.66666667,1490.573333,1469.617778,10,12.66666667,4.444444444,162,0,4,3.333333333,1.777777778,0,123,101.4536479,0.061386244,15660.13103,370.339257,363.73381,0,0,0,0,3.039,2
0.55,66,29,87.75,533.6825,401.82375,6,15.5,2.25,136,0,0,1,0,0,104.25,91.5461753,0.080336162,18625.2582,2506.479586,2408.618125,2436.519557,0,0,0,3.334,1
4.348,52,43,84.25,579.1,469.95,10,14.5,3.75,139,0,4,2,1.5,0,102.25,83.36222413,0.091785936,1065.43616,2498.347982,2399.320691,2444.747947,0,0,6.295178919,7.828,4
1.436,61,35,87.25,722.1375,502.93125,7,15.25,2.625,139,0,1,1.25,0.375,0,104.25,100.6669776,0.11122842,1408.682124,6751.74034,6560.606794,6721.461196,0,0,0,2.729,2
1.404,48,48,84,1112.6375,1088.68125,12,14,4.5,170,0,6,2.5,2.25,0,105.25,90.5934885,0.130396158,15615.72954,6867.04643,6581.268082,6569.26251,0,0,0,2.834,2
0.682,44,50,81.5,660.7,733.65,13,13.75,4.875,175,0,7,2.75,2.625,0,96.5,77.30129786,0.091088062,3703.259913,429.215339,438.2433421,410.5164415,0,0,0,1.308,1
0.634,71,23,84,153.5733333,65.84888889,5,15,2,132,0,2,1,0.666666667,0,80.66666667,57.25345587,0.111962591,19022.88842,437.0774155,67.51529265,0,0,0,0,1.731,1
0.553,44,50,75.33333333,895.9866667,821.3422222,13,12.33333333,5.555555556,175,0,7,3.666666667,2.888888889,0,109.3333333,66.20369794,0.120718894,3936.577337,3384.030434,434.7320962,425.9214883,376.4452675,364.6202985,0,2.19,1
0.402,71,25,84.66666667,225.3233333,113.6822222,5,15,2,139,0,2,1,0.666666667,0,80.66666667,59.12185478,0.149611826,19071.13837,6774.591657,67.68108893,0,0,0,0,0.884,1
