ID,Formula,order,d,TM-atom,CO-atom,Spin-Magmom,TM-IonicRadius,CO-IonicRadius,Sum-IonicRadius,TM-CovalentRadius,CO-CovalentRadius,Sum-CovalentRadius,TM-DipolePolarization,CO-DipolePolarization,Sum-DipolePolarization,TM-Electronegativity,CO-Electronegativity,Sum-Electronegativity,TM-Formationheat,CO-Formationheat,Sum-Formationheat,TM-vdwRadius,CO-vdwRadius,Sum-vdwRadius
4,Fe4S8,1,6,Fe,S,4.898979486,63,184,247,116,103,219,62,19.4,81.4,1.83,2.58,4.41,415.5,277.17,692.67,204,180,384
11,Ca2Mn2Si2,0,5,Mn,Si,5.916079783,66,26,92,119,116,235,68,37.3,105.3,1.55,1.9,3.45,283.3,450,733.3,205,210,415
12,Cr2Br2O2,1,5,Cr,Br,6.92820323,73,196,269,122,114,236,83,21,104,1.66,2.96,4.62,397.48,111.85,509.33,206,185,391
13,Fe2Ga2S5,0,6,Fe,Ga,4.898979486,63,47,110,116,124,240,62,50,112,1.83,1.81,3.64,415.5,271.96,687.46,204,187,391
17,Mn2Sr2Ge2,0,5,Mn,Ge,5.916079783,66,73,139,119,121,240,68,40,108,1.55,2.01,3.56,283.3,372,655.3,205,211,416
28,BaTa2O7,1,3,Ta,O,3.872983346,72,135,207,146,63,209,74,5.3,79.3,1.5,3.44,4.94,782,249.229,1031.229,222,152,374
30,Cu4Cl4H4O4,0,10,Cu,O,1.732050808,46,135,181,112,63,175,46.5,5.3,51.8,1.9,3.44,5.34,337.4,249.229,586.629,196,152,348
40,Mn3C2F2,1,5,Mn,C,5.916079783,66,-8,58,119,75,194,68,11.3,79.3,1.55,2.55,4.1,283.3,716.87,1000.17,205,170,375
49,Mn4N3O2,1,5,Mn,Si,5.916079783,66,26,92,119,116,235,68,37.3,105.3,1.55,1.9,3.45,283.3,450,733.3,205,210,415
57,Co2Br2,1,7,Co,Co,3.872983346,58,58,116,111,111,222,55,55,110,1.88,1.88,3.76,426.7,426.7,853.4,200,200,400
60,Sc2Br2,1,1,Sc,Sc,1.732050808,74.5,74.5,149,148,148,296,97,97,194,1.36,1.36,2.72,377.8,377.8,755.6,215,215,430
64,Mn2Cl2,1,5,Mn,Cl,5.916079783,66,181,247,119,99,218,68,14.6,82.6,1.55,3.16,4.71,283.3,121.302,404.602,205,175,380
67,Co2I2,1,7,Co,Co,3.872983346,58,58,116,111,111,222,55,55,110,1.88,1.88,3.76,426.7,426.7,853.4,200,200,400
74,Fe2Te2,1,6,Fe,Te,4.898979486,63,221,284,116,136,252,62,38,100,1.83,2.1,3.93,415.5,196.6,612.1,204,206,410
115,CoBr2,0,7,Co,Si,3.872983346,58,26,84,111,116,227,55,37.3,92.3,1.88,1.9,3.78,426.7,450,876.7,200,210,410
117,Bi2Cr,0,5,Cr,Bi,6.92820323,73,96,169,122,151,273,83,48,131,1.66,1.9,3.56,397.48,209.6,607.08,206,207,413
118,CrO2,1,5,Cr,O,6.92820323,73,135,208,122,63,185,83,5.3,88.3,1.66,3.44,5.1,397.48,249.229,646.709,206,152,358
119,CrTe2,1,5,Cr,Te,6.92820323,73,221,294,122,136,258,83,38,121,1.66,2.1,3.76,397.48,196.6,594.08,206,206,412
122,FeO2,0,6,Fe,O,4.898979486,63,135,198,116,63,179,62,5.3,67.3,1.83,3.44,5.27,415.5,249.229,664.729,204,152,356
123,FeTe2,0,6,Fe,Ge,4.898979486,63,73,136,116,121,237,62,40,102,1.83,2.01,3.84,415.5,372,787.5,204,211,415
134,MnBr2,0,5,Mn,Si,5.916079783,66,26,92,119,116,235,68,37.3,105.3,1.55,1.9,3.45,283.3,450,733.3,205,210,415
135,MnS2,1,5,Mn,S,5.916079783,66,184,250,119,103,222,68,19.4,87.4,1.55,2.58,4.13,283.3,277.17,560.47,205,180,385
136,MoBr2,0,5,Mo,Ge,6.92820323,69,73,142,138,121,259,87,40,127,2.16,2.01,4.17,658.98,372,1030.98,217,211,428
142,NiI2,1,8,Ni,I,2.828427125,55,220,275,110,133,243,49,32.9,81.9,1.91,2.66,4.57,430.1,106.757,536.857,197,198,395
168,Tl2Br4,0,10,Tl,Si,1.732050808,150,26,176,144,116,260,50,37.3,87.3,1.8,1.9,3.7,182.2,450,632.2,196,210,406
171,V2Se4,1,3,V,Se,3.872983346,79,198,277,134,116,250,87,28.9,115.9,1.63,2.55,4.18,515.5,227.2,742.7,207,190,397
183,CrH2O2,0,5,Cr,H,6.92820323,73,-38,35,122,32,154,83,4.50711,87.50711,1.66,2.2,3.86,397.48,217.998,615.478,206,110,316
184,Cr2F2N,1,5,Cr,N,6.92820323,73,146,219,122,71,193,83,7.4,90.4,1.66,3.04,4.7,397.48,472.44,869.92,206,155,361
192,Mn2H2NO2,1,5,Mn,N,5.916079783,66,146,212,119,71,190,68,7.4,75.4,1.55,3.04,4.59,283.3,472.44,755.74,205,155,360
195,GaNi5Cl2,0,8,Ni,Ga,2.828427125,55,47,102,110,124,234,49,50,99,1.91,1.81,3.72,430.1,271.96,702.06,197,187,384
196,Ag2ReBr6,0,10,Ag,Re,1.732050808,67,63,130,128,131,259,55,62,117,1.93,1.9,3.83,284.9,774,1058.9,211,216,427
198,Au2Cl6,1,10,Au,Cl,1.732050808,137,181,318,124,99,223,36,14.6,50.6,2.4,3.16,5.56,368.2,121.302,489.502,214,175,389
200,Cu2Br6,1,10,Cu,Cu,1.732050808,46,46,92,112,112,224,46.5,46.5,93,1.9,1.9,3.8,337.4,337.4,674.8,196,196,392
203,Mn2Cl6,1,5,Mn,C,5.916079783,66,-8,58,119,75,194,68,11.3,79.3,1.55,2.55,4.1,283.3,716.87,1000.17,205,170,375
204,Nb2Br6,1,4,Nb,Nb,5.916079783,72,72,144,147,147,294,98,98,196,1.6,1.6,3.2,733,733,1466,218,218,436
213,Zr2Cl6,1,2,Zr,Cl,2.828427125,59,181,240,154,99,253,112,14.6,126.6,1.33,3.16,4.49,610,121.302,731.302,223,175,398
227,Cr2Br2N2,1,5,Cr,Cr,6.92820323,73,73,146,122,122,244,83,83,166,1.66,1.66,3.32,397.48,397.48,794.96,206,206,412
229,MoBrI,0,5,Mo,P,6.92820323,69,44,113,138,111,249,87,25,112,2.16,2.19,4.35,658.98,316.5,975.48,217,180,397
236,CrClI,0,5,Cr,Si,6.92820323,73,26,99,122,116,238,83,37.3,120.3,1.66,1.9,3.56,397.48,450,847.48,206,210,416
255,Mg2Mn2Si2,1,5,Mn,I,5.916079783,66,220,286,119,133,252,68,32.9,100.9,1.55,2.66,4.21,283.3,106.757,390.057,205,198,403
262,Cr2P2Se6,1,5,Cr,Se,6.92820323,73,198,271,122,116,238,83,28.9,111.9,1.66,2.55,4.21,397.48,227.2,624.68,206,190,396
264,Ni2P2Se6,0,8,Ni,P,2.828427125,55,44,99,110,111,221,49,25,74,1.91,2.19,4.1,430.1,316.5,746.6,197,180,377
272,Fe3Se4,0,6,Fe,Sn,4.898979486,63,55,118,116,140,256,62,53,115,1.83,1.96,3.79,415.5,301.2,716.7,204,217,421
274,Mo2Cl6,0,5,Mo,Si,6.92820323,69,26,95,138,116,254,87,37.3,124.3,2.16,1.9,4.06,658.98,450,1108.98,217,210,427
275,Sc2O4,1,1,Sc,O,1.732050808,74.5,135,209.5,148,63,211,97,5.3,102.3,1.36,3.44,4.8,377.8,249.229,627.029,215,152,367
278,Al2MnS4,0,5,Mn,Al,5.916079783,66,39,105,119,126,245,68,57.8,125.8,1.55,1.61,3.16,283.3,330.9,614.2,205,184,389
281,CrNbF6,0,5,Cr,Nb,6.92820323,73,72,145,122,147,269,83,98,181,1.66,1.6,3.26,397.48,733,1130.48,206,218,424
283,Fe2In2Se5,1,6,Fe,Se,4.898979486,63,198,261,116,116,232,62,28.9,90.9,1.83,2.55,4.38,415.5,227.2,642.7,204,190,394
286,Mn2O8Se2,0,5,Mn,Si,5.916079783,66,26,92,119,116,235,68,37.3,105.3,1.55,1.9,3.45,283.3,450,733.3,205,210,415
293,Sn2O6P2,1,0,Sn,I,2.828427125,55,220,275,140,133,273,53,32.9,85.9,1.96,2.66,4.62,301.2,106.757,407.957,217,198,415
298,Co2Br4O6Sb4,0,7,Co,Sb,3.872983346,58,76,134,111,140,251,55,43,98,1.88,2.05,3.93,426.7,264.4,691.1,200,206,406
299,Cu4F4H4O4,0,10,Cu,H,1.732050808,46,-38,8,112,32,144,46.5,4.50711,51.00711,1.9,2.2,4.1,337.4,217.998,555.398,196,110,306
305,NiC4H8N2O4,0,8,Ni,H,2.828427125,55,-38,17,110,32,142,49,4.50711,53.50711,1.91,2.2,4.11,430.1,217.998,648.098,197,110,307
313,Mn4C3H2O2,1,5,Mn,I,5.916079783,66,220,286,119,133,252,68,32.9,100.9,1.55,2.66,4.21,283.3,106.757,390.057,205,198,403
318,Cr4C3O2,1,5,Cr,Cl,6.92820323,73,181,254,122,99,221,83,14.6,97.6,1.66,3.16,4.82,397.48,121.302,518.782,206,175,381
327,Co2Br2,1,7,Co,Co,3.872983346,58,58,116,111,111,222,55,55,110,1.88,1.88,3.76,426.7,426.7,853.4,200,200,400
337,Co2O2,1,7,Co,Co,3.872983346,58,58,116,111,111,222,55,55,110,1.88,1.88,3.76,426.7,426.7,853.4,200,200,400
343,Fe2I2,1,6,Fe,Fe,4.898979486,63,63,126,116,116,232,62,62,124,1.83,1.83,3.66,415.5,415.5,831,204,204,408
344,Fe2Te2,1,6,Fe,Te,4.898979486,63,221,284,116,136,252,62,38,100,1.83,2.1,3.93,415.5,196.6,612.1,204,206,410
350,Sc2I2,1,1,Sc,I,1.732050808,74.5,220,294.5,148,133,281,97,32.9,129.9,1.36,2.66,4.02,377.8,106.757,484.557,215,198,413
351,Y2I2,0,1,Y,Si,1.732050808,90,26,116,163,116,279,162,37.3,199.3,1.22,1.9,3.12,424.7,450,874.7,232,210,442
356,Nb2Te2,1,4,Nb,Te,5.916079783,72,221,293,147,136,283,98,38,136,1.6,2.1,3.7,733,196.6,929.6,218,206,424
382,Cr2C,1,5,Cr,S,6.92820323,73,184,257,122,103,225,83,19.4,102.4,1.66,2.58,4.24,397.48,277.17,674.65,206,180,386
385,CoCl2,0,7,Co,H,3.872983346,58,-38,20,111,32,143,55,4.50711,59.50711,1.88,2.2,4.08,426.7,217.998,644.698,200,110,310
387,CrBr2,0,5,Cr,H,6.92820323,73,-38,35,122,32,154,83,4.50711,87.50711,1.66,2.2,3.86,397.48,217.998,615.478,206,110,316
393,FeTe2,1,6,Fe,Te,4.898979486,63,221,284,116,136,252,62,38,100,1.83,2.1,3.93,415.5,196.6,612.1,204,206,410
404,MnCl2,0,5,Mn,Si,5.916079783,66,26,92,119,116,235,68,37.3,105.3,1.55,1.9,3.45,283.3,450,733.3,205,210,415
405,Mn2Se4,0,5,Mn,Sn,5.916079783,66,55,121,119,140,259,68,53,121,1.55,1.96,3.51,283.3,301.2,584.5,205,217,422
412,NiI2,1,8,Ni,I,2.828427125,55,220,275,110,133,243,49,32.9,81.9,1.91,2.66,4.57,430.1,106.757,536.857,197,198,395
419,PtCl2,1,9,Pt,Pt,2.828427125,60,60,120,123,123,246,48,48,96,2.2,2.2,4.4,565.7,565.7,1131.4,213,213,426
421,ReBr2,0,5,Re,Br,5.916079783,63,196,259,131,114,245,62,21,83,1.9,2.96,4.86,774,111.85,885.85,216,185,401
426,RuI2,1,7,Ru,I,4.898979486,68,220,288,125,133,258,72,32.9,104.9,2.2,2.66,4.86,650.6,106.757,757.357,213,198,411
440,VI2,0,3,V,Si,3.872983346,79,26,105,134,116,250,87,37.3,124.3,1.63,1.9,3.53,515.5,450,965.5,207,210,417
450,Cr2CO2,1,5,Cr,S,6.92820323,73,184,257,122,103,225,83,19.4,102.4,1.66,2.58,4.24,397.48,277.17,674.65,206,180,386
466,Ag2ReCl6,0,10,Ag,Re,1.732050808,67,63,130,128,131,259,55,62,117,1.93,1.9,3.83,284.9,774,1058.9,211,216,427
469,Co2Br6,1,7,Co,Br,3.872983346,58,196,254,111,114,225,55,21,76,1.88,2.96,4.84,426.7,111.85,538.55,200,185,385
470,Cu2Cl6,1,10,Cu,Cl,1.732050808,46,181,227,112,99,211,46.5,14.6,61.1,1.9,3.16,5.06,337.4,121.302,458.702,196,175,371
473,Mn2Cl6,1,5,Mn,Mn,5.916079783,66,66,132,119,119,238,68,68,136,1.55,1.55,3.1,283.3,283.3,566.6,205,205,410
474,Nb2Cl6,1,4,Nb,Nb,5.916079783,72,72,144,147,147,294,98,98,196,1.6,1.6,3.2,733,733,1466,218,218,436
478,Ru2Br6,1,7,Ru,Ru,4.898979486,68,68,136,125,125,250,72,72,144,2.2,2.2,4.4,650.6,650.6,1301.2,213,213,426
483,Zr2I6,1,2,Zr,Zr,2.828427125,59,59,118,154,154,308,112,112,224,1.33,1.33,2.66,610,610,1220,223,223,446
497,Cr2Br2S2,1,5,Cr,S,6.92820323,73,184,257,122,103,225,83,19.4,102.4,1.66,2.58,4.24,397.48,277.17,674.65,206,180,386
506,CrClI,0,5,Cr,H,6.92820323,73,-38,35,122,32,154,83,4.50711,87.50711,1.66,2.2,3.86,397.48,217.998,615.478,206,110,316
525,Mn2Sn2Sr2,0,5,Mn,Sn,5.916079783,66,55,121,119,140,259,68,53,121,1.55,1.96,3.51,283.3,301.2,584.5,205,217,422
532,Cr2P2Te6,0,5,Cr,P,6.92820323,73,44,117,122,111,233,83,25,108,1.66,2.19,3.85,397.48,316.5,713.98,206,180,386
536,Ti2P2S6,0,2,Ti,P,2.828427125,86,44,130,136,111,247,100,25,125,1.54,2.19,3.73,473,316.5,789.5,211,180,391
539,HfMnI6,0,5,Mn,Hf,5.916079783,66,58,124,119,152,271,68,103,171,1.55,1.3,2.85,283.3,618.4,901.7,205,223,428
542,Cr2F4,1,5,Cr,Cl,6.92820323,73,181,254,122,99,221,83,14.6,97.6,1.66,3.16,4.82,397.48,121.302,518.782,206,175,381
544,Na2C4,0,0,Na,C,1.732050808,99,-8,91,155,75,230,162.7,11.3,174,0.93,2.55,3.48,107.5,716.87,824.37,227,170,397
546,Sc2Cl2,1,1,Sc,Cl,1.732050808,74.5,181,255.5,148,99,247,97,14.6,111.6,1.36,3.16,4.52,377.8,121.302,499.102,215,175,390
550,Ba2Mn2Ge2,0,5,Mn,S,5.916079783,66,184,250,119,103,222,68,19.4,87.4,1.55,2.58,4.13,283.3,277.17,560.47,205,180,385
552,Cr2Nb2Se10,1,5,Nb,Se,5.916079783,72,198,270,147,116,263,98,28.9,126.9,1.6,2.55,4.15,733,227.2,960.2,218,190,408
553,Cu2O6Si2,0,10,Cu,Si,1.732050808,46,26,72,112,116,228,46.5,37.3,83.8,1.9,1.9,3.8,337.4,450,787.4,196,210,406
554,Fe2P2S6,0,6,Fe,P,4.898979486,63,44,107,116,111,227,62,25,87,1.83,2.19,4.02,415.5,316.5,732,204,180,384
556,In2MnSe4,1,5,Mn,Se,5.916079783,66,198,264,119,116,235,68,28.9,96.9,1.55,2.55,4.1,283.3,227.2,510.5,205,190,395
558,Mn2P2S6,0,5,Mn,P,5.916079783,66,44,110,119,111,230,68,25,93,1.55,2.19,3.74,283.3,316.5,599.8,205,180,385
574,V2F2O7Te2,1,3,V,O,3.872983346,79,135,214,134,63,197,87,5.3,92.3,1.63,3.44,5.07,515.5,249.229,764.729,207,152,359
576,NiC6Cl2H4N2,1,8,Ni,Cl,2.828427125,55,181,236,110,99,209,49,14.6,63.6,1.91,3.16,5.07,430.1,121.302,551.402,197,175,372
591,Ti4C3,0,2,Ti,C,2.828427125,86,-8,78,136,75,211,100,11.3,111.3,1.54,2.55,4.09,473,716.87,1189.87,211,170,381
598,Cr2Br2,0,5,Cr,Si,6.92820323,73,26,99,122,116,238,83,37.3,120.3,1.66,1.9,3.56,397.48,450,847.48,206,210,416
604,Fe2Cl2,1,6,Fe,Cl,4.898979486,63,181,244,116,99,215,62,14.6,76.6,1.83,3.16,4.99,415.5,121.302,536.802,204,175,379
614,Fe2I2,0,6,Fe,Br,4.898979486,63,196,259,116,114,230,62,21,83,1.83,2.96,4.79,415.5,111.85,527.35,204,185,389
615,Fe2Te2,0,6,Fe,P,4.898979486,63,44,107,116,111,227,62,25,87,1.83,2.19,4.02,415.5,316.5,732,204,180,384
621,Sc2I2,1,1,Sc,I,1.732050808,74.5,220,294.5,148,133,281,97,32.9,129.9,1.36,2.66,4.02,377.8,106.757,484.557,215,198,413
656,CoCl2,1,7,Co,Cl,3.872983346,58,181,239,111,99,210,55,14.6,69.6,1.88,3.16,5.04,426.7,121.302,548.002,200,175,375
658,CrBr2,0,5,Cr,H,6.92820323,73,-38,35,122,32,154,83,4.50711,87.50711,1.66,2.2,3.86,397.48,217.998,615.478,206,110,316
659,Cr2S4,0,5,Cr,P,6.92820323,73,44,117,122,111,233,83,25,108,1.66,2.19,3.85,397.48,316.5,713.98,206,180,386
661,CuO2,1,10,Cu,S,1.732050808,46,184,230,112,103,215,46.5,19.4,65.9,1.9,2.58,4.48,337.4,277.17,614.57,196,180,376
663,FeO2,0,6,Fe,Si,4.898979486,63,26,89,116,116,232,62,37.3,99.3,1.83,1.9,3.73,415.5,450,865.5,204,210,414
670,HgS2,0,10,Hg,C,0,97,-8,89,133,75,208,33.91,11.3,45.21,1.9,2.55,4.45,61.38,716.87,778.25,223,170,393
675,MnCl2,1,5,Mn,Cl,5.916079783,66,181,247,119,99,218,68,14.6,82.6,1.55,3.16,4.71,283.3,121.302,404.602,205,175,380
676,MnSe2,0,5,Mn,C,5.916079783,66,-8,58,119,75,194,68,11.3,79.3,1.55,2.55,4.1,283.3,716.87,1000.17,205,170,375
678,Mo2S4,0,5,Mo,Si,6.92820323,69,26,95,138,116,254,87,37.3,124.3,2.16,1.9,4.06,658.98,450,1108.98,217,210,427
683,NiI2,1,8,Ni,I,2.828427125,55,220,275,110,133,243,49,32.9,81.9,1.91,2.66,4.57,430.1,106.757,536.857,197,198,395
688,PdBr2,1,10,Pd,Br,0,59,196,255,120,114,234,26.14,21,47.14,2.2,2.96,5.16,376.6,111.85,488.45,210,185,395
690,PtF2,1,9,Pt,Pt,2.828427125,60,60,120,123,123,246,48,48,96,2.2,2.2,4.4,565.7,565.7,1131.4,213,213,426
698,RuSe2,1,7,Ru,Ru,4.898979486,68,68,136,125,125,250,72,72,144,2.2,2.2,4.4,650.6,650.6,1301.2,213,213,426
707,TiBr2,1,2,Ti,Br,2.828427125,86,196,282,136,114,250,100,21,121,1.54,2.96,4.5,473,111.85,584.85,211,185,396
711,VI2,1,3,V,I,3.872983346,79,220,299,134,133,267,87,32.9,119.9,1.63,2.66,4.29,515.5,106.757,622.257,207,198,405
721,Cr2CS2,1,5,Cr,Cr,6.92820323,73,73,146,122,122,244,83,83,166,1.66,1.66,3.32,397.48,397.48,794.96,206,206,412
725,Mn2F2N,1,5,Mn,N,5.916079783,66,146,212,119,71,190,68,7.4,75.4,1.55,3.04,4.59,283.3,472.44,755.74,205,155,360
737,Ag2ReF6,0,10,Ag,Re,1.732050808,67,63,130,128,131,259,55,62,117,1.93,1.9,3.83,284.9,774,1058.9,211,216,427
739,Au2I6,1,10,Au,I,1.732050808,137,220,357,124,133,257,36,32.9,68.9,2.4,2.66,5.06,368.2,106.757,474.957,214,198,412
741,Cu2Cl6,1,10,Cu,Cu,1.732050808,46,46,92,112,112,224,46.5,46.5,93,1.9,1.9,3.8,337.4,337.4,674.8,196,196,392
744,Mn2I6,1,5,Mn,I,5.916079783,66,220,286,119,133,252,68,32.9,100.9,1.55,2.66,4.21,283.3,106.757,390.057,205,198,403
748,Re2Br6,1,5,Re,Re,5.916079783,63,63,126,131,131,262,62,62,124,1.9,1.9,3.8,774,774,1548,216,216,432
749,Ru2Br6,0,7,Ru,C,4.898979486,68,-8,60,125,75,200,72,11.3,83.3,2.2,2.55,4.75,650.6,716.87,1367.47,213,170,383
754,Zr2I6,1,2,Zr,I,2.828427125,59,220,279,154,133,287,112,32.9,144.9,1.33,2.66,3.99,610,106.757,716.757,223,198,421
768,Cr2Br2Se2,1,5,Cr,Br,6.92820323,73,196,269,122,114,236,83,21,104,1.66,2.96,4.62,397.48,111.85,509.33,206,185,391
773,Ni2Br2O2,1,8,Ni,Br,2.828427125,55,196,251,110,114,224,49,21,70,1.91,2.96,4.87,430.1,111.85,541.95,197,185,382
777,Cr2Cl2N2,1,5,Cr,Cl,6.92820323,73,181,254,122,99,221,83,14.6,97.6,1.66,3.16,4.82,397.48,121.302,518.782,206,175,381
807,Ti2P2Se6,0,2,Ti,P,2.828427125,86,44,130,136,111,247,100,25,125,1.54,2.19,3.73,473,316.5,789.5,211,180,391
810,HfNiBr6,0,8,Ni,Hf,2.828427125,55,58,113,110,152,262,49,103,152,1.91,1.3,3.21,430.1,618.4,1048.5,197,223,420
814,Fe3S4,0,6,Fe,Cl,4.898979486,63,181,244,116,99,215,62,14.6,76.6,1.83,3.16,4.99,415.5,121.302,536.802,204,175,379
818,V3Te6,0,3,V,P,3.872983346,79,44,123,134,111,245,87,25,112,1.63,2.19,3.82,515.5,316.5,832,207,180,387
822,Ca2CoO3,0,7,Co,Ca,3.872983346,58,100,158,111,171,282,55,160.8,215.8,1.88,1,2.88,426.7,177.8,604.5,200,231,431
823,Cr2Ta4O12,1,5,Cr,O,6.92820323,73,135,208,122,63,185,83,5.3,88.3,1.66,3.44,5.1,397.48,249.229,646.709,206,152,358
825,Fe2P2Se6,1,6,Fe,Fe,4.898979486,63,63,126,116,116,232,62,62,124,1.83,1.83,3.66,415.5,415.5,831,204,204,408
829,Mn4Pb4O12,1,10,Mn,Mn,5.916079783,66,66,132,119,119,238,68,68,136,1.55,1.55,3.1,283.3,283.3,566.6,205,205,410
832,Ni2C4N6,1,8,Ni,S,2.828427125,55,184,239,110,103,213,49,19.4,68.4,1.91,2.58,4.49,430.1,277.17,707.27,197,180,377
836,V2Br2O2,1,3,V,Br,3.872983346,79,196,275,134,114,248,87,21,108,1.63,2.96,4.59,515.5,111.85,627.35,207,185,392
837,Y2Cl2O4,1,1,Y,Y,1.732050808,90,90,180,163,163,326,162,162,324,1.22,1.22,2.44,424.7,424.7,849.4,232,232,464
838,Ag2Cr2P4S12,1,10,Ag,S,1.732050808,67,184,251,128,103,231,55,19.4,74.4,1.93,2.58,4.51,284.9,277.17,562.07,211,180,391
840,Co2H4O8Se2,0,7,Co,H,3.872983346,58,-38,20,111,32,143,55,4.50711,59.50711,1.88,2.2,4.08,426.7,217.998,644.698,200,110,310
843,MnC6N4Se2,1,5,Mn,N,5.916079783,66,146,212,119,71,190,68,7.4,75.4,1.55,3.04,4.59,283.3,472.44,755.74,205,155,360
845,V2H4O10Se2,1,3,V,O,3.872983346,79,135,214,134,63,197,87,5.3,92.3,1.63,3.44,5.07,515.5,249.229,764.729,207,152,359
857,Ti3C2,0,2,Ti,C,2.828427125,86,-8,78,136,75,211,100,11.3,111.3,1.54,2.55,4.09,473,716.87,1189.87,211,170,381
860,Mn4C3O2,1,5,Mn,I,5.916079783,66,220,286,119,133,252,68,32.9,100.9,1.55,2.66,4.21,283.3,106.757,390.057,205,198,403
875,Fe2Cl2,1,6,Fe,Fe,4.898979486,63,63,126,116,116,232,62,62,124,1.83,1.83,3.66,415.5,415.5,831,204,204,408
877,Rh2Cl2,1,8,Rh,Cl,3.872983346,66.5,181,247.5,125,99,224,66,14.6,80.6,2.28,3.16,5.44,556,121.302,677.302,210,175,385
879,Co2O2,1,7,Co,Co,3.872983346,58,58,116,111,111,222,55,55,110,1.88,1.88,3.76,426.7,426.7,853.4,200,200,400
885,Fe2O2,0,6,Fe,P,4.898979486,63,44,107,116,111,227,62,25,87,1.83,2.19,4.02,415.5,316.5,732,204,180,384
893,Zn2I2,1,10,Zn,I,0,60,220,280,118,133,251,38.67,32.9,71.57,1.65,2.66,4.31,130.4,106.757,237.157,201,198,399
924,Mn2C,1,5,Mn,N,5.916079783,66,146,212,119,71,190,68,7.4,75.4,1.55,3.04,4.59,283.3,472.44,755.74,205,155,360
927,CoCl2,0,7,Co,C,3.872983346,58,-8,50,111,75,186,55,11.3,66.3,1.88,2.55,4.43,426.7,716.87,1143.57,200,170,370
929,CrBr2,0,5,Cr,H,6.92820323,73,-38,35,122,32,154,83,4.50711,87.50711,1.66,2.2,3.86,397.48,217.998,615.478,206,110,316
930,CrS2,1,5,Cr,S,6.92820323,73,184,257,122,103,225,83,19.4,102.4,1.66,2.58,4.24,397.48,277.17,674.65,206,180,386
932,CuO2,0,10,Cu,O,1.732050808,46,135,181,112,63,175,46.5,5.3,51.8,1.9,3.44,5.34,337.4,249.229,586.629,196,152,348
933,Br2Fe,0,6,Fe,Si,4.898979486,63,26,89,116,116,232,62,37.3,99.3,1.83,1.9,3.73,415.5,450,865.5,204,210,414
946,MnCl2,0,5,Mn,C,5.916079783,66,-8,58,119,75,194,68,11.3,79.3,1.55,2.55,4.1,283.3,716.87,1000.17,205,170,375
947,MnSe2,1,5,Mn,Mn,5.916079783,66,66,132,119,119,238,68,68,136,1.55,1.55,3.1,283.3,283.3,566.6,205,205,410
953,Nb2Te4,1,4,Nb,Te,5.916079783,72,221,293,147,136,283,98,38,136,1.6,2.1,3.7,733,196.6,929.6,218,206,424
956,OsO2,0,6,Os,C,4.898979486,63,-8,55,129,75,204,57,11.3,68.3,2.2,2.55,4.75,787,716.87,1503.87,216,170,386
965,Rh2Br4,0,8,Rh,C,3.872983346,66.5,-8,58.5,125,75,200,66,11.3,77.3,2.28,2.55,4.83,556,716.87,1272.87,210,170,380
966,RhO2,0,8,Rh,Si,3.872983346,66.5,26,92.5,125,116,241,66,37.3,103.3,2.28,1.9,4.18,556,450,1006,210,210,420
978,TiBr2,1,2,Ti,Br,2.828427125,86,196,282,136,114,250,100,21,121,1.54,2.96,4.5,473,111.85,584.85,211,185,396
982,VI2,0,3,V,H,3.872983346,79,-38,41,134,32,166,87,4.50711,91.50711,1.63,2.2,3.83,515.5,217.998,733.498,207,110,317
989,ZrI2,1,2,Zr,I,2.828427125,59,220,279,154,133,287,112,32.9,144.9,1.33,2.66,3.99,610,106.757,716.757,223,198,421
1006,AlNi5Br2,0,8,Ni,Al,2.828427125,55,39,94,110,126,236,49,57.8,106.8,1.91,1.61,3.52,430.1,330.9,761,197,184,381
1008,Ag2ReI6,0,10,Ag,Re,1.732050808,67,63,130,128,131,259,55,62,117,1.93,1.9,3.83,284.9,774,1058.9,211,216,427
1011,Co2Cl6,1,7,Co,Cl,3.872983346,58,181,239,111,99,210,55,14.6,69.6,1.88,3.16,5.04,426.7,121.302,548.002,200,175,375
1013,Hf2Br6,1,2,Hf,Br,2.828427125,58,196,254,152,114,266,103,21,124,1.3,2.96,4.26,618.4,111.85,730.25,223,185,408
1015,Mn2Te6,0,5,Mn,Ge,5.916079783,66,73,139,119,121,240,68,40,108,1.55,2.01,3.56,283.3,372,655.3,205,211,416
1016,Nb2I6,1,4,Nb,I,5.916079783,72,220,292,147,133,280,98,32.9,130.9,1.6,2.66,4.26,733,106.757,839.757,218,198,416
1017,Os2Br6,0,6,Os,P,4.898979486,63,44,107,129,111,240,57,25,82,2.2,2.19,4.39,787,316.5,1103.5,216,180,396
1019,Re2Br6,1,5,Re,Br,5.916079783,63,196,259,131,114,245,62,21,83,1.9,2.96,4.86,774,111.85,885.85,216,185,401
1020,Ru2Cl6,0,7,Ru,Si,4.898979486,68,26,94,125,116,241,72,37.3,109.3,2.2,1.9,4.1,650.6,450,1100.6,213,210,423
1024,W2I6,1,4,W,I,4.898979486,66,220,286,137,133,270,68,32.9,100.9,1.7,2.66,4.36,851,106.757,957.757,218,198,416
1048,Cr2Cl2O2,1,5,Cr,Cr,6.92820323,73,73,146,122,122,244,83,83,166,1.66,1.66,3.32,397.48,397.48,794.96,206,206,412
1063,Ni2I2O2,1,8,Ni,I,2.828427125,55,220,275,110,133,243,49,32.9,81.9,1.91,2.66,4.57,430.1,106.757,536.857,197,198,395
1078,Ti2P2Te6,0,2,Ti,P,2.828427125,86,44,130,136,111,247,100,25,125,1.54,2.19,3.73,473,316.5,789.5,211,180,391
1081,HfNiCl6,0,8,Ag,Hf,1.732050808,67,58,125,128,152,280,55,103,158,1.93,1.3,3.23,284.9,618.4,903.3,211,223,434
1082,Ag2F4,1,10,Ag,S,1.732050808,67,184,251,128,103,231,55,19.4,74.4,1.93,2.58,4.51,284.9,277.17,562.07,211,180,391
1084,Cr3Te4,1,5,Cr,Te,6.92820323,73,221,294,122,136,258,83,38,121,1.66,2.1,3.76,397.48,196.6,594.08,206,206,412
1092,CrGa2Se4,0,5,Cr,Ga,6.92820323,73,47,120,122,124,246,83,50,133,1.66,1.81,3.47,397.48,271.96,669.44,206,187,393
1098,Mn2P2Se6,0,5,Mn,P,5.916079783,66,44,110,119,111,230,68,25,93,1.55,2.19,3.74,283.3,316.5,599.8,205,180,385
1108,Cr2Cu2P4S12,0,5,Cr,P,6.92820323,73,44,117,122,111,233,83,25,108,1.66,2.19,3.85,397.48,316.5,713.98,206,180,386
1109,Fe2Mo2Cl2O8,0,6,Fe,Mo,4.898979486,63,69,132,116,138,254,62,87,149,1.83,2.16,3.99,415.5,658.98,1074.48,204,217,421
1110,Mn2Mo2O12Te2,0,5,Mn,Si,5.916079783,66,26,92,119,116,235,68,37.3,105.3,1.55,1.9,3.45,283.3,450,733.3,205,210,415
1117,V3H2N2O2,0,3,V,H,3.872983346,79,-38,41,134,32,166,87,4.50711,91.50711,1.63,2.2,3.83,515.5,217.998,733.498,207,110,317
1124,Zr3N2,0,2,Zr,C,2.828427125,59,-8,51,154,75,229,112,11.3,123.3,1.33,2.55,3.88,610,716.87,1326.87,223,170,393
1143,Rh2Cl2,0,8,Rh,P,3.872983346,66.5,44,110.5,125,111,236,66,25,91,2.28,2.19,4.47,556,316.5,872.5,210,180,390
1146,Cr2F2,1,5,Cr,O,6.92820323,73,135,208,122,63,185,83,5.3,88.3,1.66,3.44,5.1,397.48,249.229,646.709,206,152,358
1155,Hf2Te2,1,2,Hf,Te,2.828427125,58,221,279,152,136,288,103,38,141,1.3,2.1,3.4,618.4,196.6,815,223,206,429
1157,Pd2I2,0,10,Pd,C,0,59,-8,51,120,75,195,26.14,11.3,37.44,2.2,2.55,4.75,376.6,716.87,1093.47,210,170,380
1165,Ni2Te2,1,8,Ni,Te,2.828427125,55,221,276,110,136,246,49,38,87,1.91,2.1,4.01,430.1,196.6,626.7,197,206,403
1193,CoF2,0,7,Co,F,3.872983346,58,128.5,186.5,111,64,175,55,3.74,58.74,1.88,3.98,5.86,426.7,79.335,506.035,200,147,347
1195,CrCl2,0,5,Cr,C,6.92820323,73,-8,65,122,75,197,83,11.3,94.3,1.66,2.55,4.21,397.48,716.87,1114.35,206,170,376
1212,MnF2,0,5,Mn,F,5.916079783,66,128.5,194.5,119,64,183,68,3.74,71.74,1.55,3.98,5.53,283.3,79.335,362.635,205,147,352
1213,MnSe2,1,5,Mn,Se,5.916079783,66,198,264,119,116,235,68,28.9,96.9,1.55,2.55,4.1,283.3,227.2,510.5,205,190,395
1222,OsO2,0,6,Os,P,4.898979486,63,44,107,129,111,240,57,25,82,2.2,2.19,4.39,787,316.5,1103.5,216,180,396
1249,V2Te4,0,3,V,Si,3.872983346,79,26,105,134,116,250,87,37.3,124.3,1.63,1.9,3.53,515.5,450,965.5,207,210,417
1258,Mn2CF2,1,5,Mn,S,5.916079783,66,184,250,119,103,222,68,19.4,87.4,1.55,2.58,4.13,283.3,277.17,560.47,205,180,385
1279,Hf2Br6,1,2,Hf,Br,2.828427125,58,196,254,152,114,266,103,21,124,1.3,2.96,4.26,618.4,111.85,730.25,223,185,408
1283,Os2Br6,0,6,Os,C,4.898979486,63,-8,55,129,75,204,57,11.3,68.3,2.2,2.55,4.75,787,716.87,1503.87,216,170,386
1284,Pd2Br6,1,10,Pd,Br,0,59,196,255,120,114,234,26.14,21,47.14,2.2,2.96,5.16,376.6,111.85,488.45,210,185,395
1285,Re2Cl6,1,5,Re,Cl,5.916079783,63,181,244,131,99,230,62,14.6,76.6,1.9,3.16,5.06,774,121.302,895.302,216,175,391
1286,Ru2Cl6,0,7,Ru,P,4.898979486,68,44,112,125,111,236,72,25,97,2.2,2.19,4.39,650.6,316.5,967.1,213,180,393
1289,V2Br6,1,3,V,Br,3.872983346,79,196,275,134,114,248,87,21,108,1.63,2.96,4.59,515.5,111.85,627.35,207,185,392
1304,VBrCl,0,3,V,Ge,3.872983346,79,73,152,134,121,255,87,40,127,1.63,2.01,3.64,515.5,372,887.5,207,211,418
1313,Ti4Br4Se4,1,2,Ti,Se,2.828427125,86,198,284,136,116,252,100,28.9,128.9,1.54,2.55,4.09,473,227.2,700.2,211,190,401
1314,Cr2Cl2S2,1,5,Cr,S,6.92820323,73,184,257,122,103,225,83,19.4,102.4,1.66,2.58,4.24,397.48,277.17,674.65,206,180,386
1326,Hf4I4S4,1,2,Hf,S,2.828427125,58,184,242,152,103,255,103,19.4,122.4,1.3,2.58,3.88,618.4,277.17,895.57,223,180,403
1346,CoHfBr6,1,7,Co,Br,3.872983346,58,196,254,111,114,225,55,21,76,1.88,2.96,4.84,426.7,111.85,538.55,200,185,385
1347,HfNiI6,0,8,Ni,Hf,2.828427125,55,58,113,110,152,262,49,103,152,1.91,1.3,3.21,430.1,618.4,1048.5,197,223,420
1351,K2C4,0,0,K,C,1.732050808,137,-8,129,196,75,271,289.7,11.3,301,0.82,2.55,3.37,89,716.87,805.87,275,170,445
1359,CrHO2,1,5,Cr,O,6.92820323,73,135,208,122,63,185,83,5.3,88.3,1.66,3.44,5.1,397.48,249.229,646.709,206,152,358
1361,Ga2Mn2S5,0,5,Mn,Ga,5.916079783,66,47,113,119,124,243,68,50,118,1.55,1.81,3.36,283.3,271.96,555.26,205,187,392
1364,MnF12Sb2,1,5,Mn,S,5.916079783,66,184,250,119,103,222,68,19.4,87.4,1.55,2.58,4.13,283.3,277.17,560.47,205,180,385
1367,NiRe2O8,1,8,Ni,Se,2.828427125,55,198,253,110,116,226,49,28.9,77.9,1.91,2.55,4.46,430.1,227.2,657.3,197,190,387
1371,V2Cl2O2,1,3,V,O,3.872983346,79,135,214,134,63,197,87,5.3,92.3,1.63,3.44,5.07,515.5,249.229,764.729,207,152,359
1376,Fe2Sr4Br2O6,0,6,Fe,Sr,4.898979486,63,118,181,116,185,301,62,197.2,259.2,1.83,0.95,2.78,415.5,164,579.5,204,249,453
1378,Mn2Br2S4Sb2,0,5,Mn,Sb,5.916079783,66,76,142,119,140,259,68,43,111,1.55,2.05,3.6,283.3,264.4,547.7,205,206,411
1405,Mn2Br2,1,5,Mn,Br,5.916079783,66,196,262,119,114,233,68,21,89,1.55,2.96,4.51,283.3,111.85,395.15,205,185,390
1411,Ni2Cl2,1,8,Ni,Cl,2.828427125,55,181,236,110,99,209,49,14.6,63.6,1.91,3.16,5.07,430.1,121.302,551.402,197,175,372
1420,Fe2S2,1,6,Fe,S,4.898979486,63,184,247,116,103,219,62,19.4,81.4,1.83,2.58,4.41,415.5,277.17,692.67,204,180,384
1427,Sr2I2,1,0,Sr,I,0,118,220,338,185,133,318,197.2,32.9,230.1,0.95,2.66,3.61,164,106.757,270.757,249,198,447
1433,Ni2O2,1,8,Ni,Se,2.828427125,55,198,253,110,116,226,49,28.9,77.9,1.91,2.55,4.46,430.1,227.2,657.3,197,190,387
1450,Ti2Te2,0,2,Ti,Si,2.828427125,86,26,112,136,116,252,100,37.3,137.3,1.54,1.9,3.44,473,450,923,211,210,421
1464,CrCl2,0,5,Cr,P,6.92820323,73,44,117,122,111,233,83,25,108,1.66,2.19,3.85,397.48,316.5,713.98,206,180,386
1468,Br2Fe,0,6,Fe,Ge,4.898979486,63,73,136,116,121,237,62,40,102,1.83,2.01,3.84,415.5,372,787.5,204,211,415
1469,FeS2,1,6,Fe,S,4.898979486,63,184,247,116,103,219,62,19.4,81.4,1.83,2.58,4.41,415.5,277.17,692.67,204,180,384
1478,IrF2,0,7,Ir,P,3.872983346,68,44,112,122,111,233,54,25,79,2.2,2.19,4.39,669,316.5,985.5,213,180,393
1481,MnH2,1,5,Mn,Se,5.916079783,66,198,264,119,116,235,68,28.9,96.9,1.55,2.55,4.1,283.3,227.2,510.5,205,190,395
1482,MnTe2,1,5,Mn,Te,5.916079783,66,221,287,119,136,255,68,38,106,1.55,2.1,3.65,283.3,196.6,479.9,205,206,411
1494,PdCl2,1,10,Pd,Cl,0,59,181,240,120,99,219,26.14,14.6,40.74,2.2,3.16,5.36,376.6,121.302,497.902,210,175,385
1498,ReCl2,0,5,Re,P,5.916079783,63,44,107,131,111,242,62,25,87,1.9,2.19,4.09,774,316.5,1090.5,216,180,396
1500,RhBr2,1,8,Rh,Br,3.872983346,66.5,196,262.5,125,114,239,66,21,87,2.28,2.96,5.24,556,111.85,667.85,210,185,395
1513,TiCl2,0,2,Ti,Si,2.828427125,86,26,112,136,116,252,100,37.3,137.3,1.54,1.9,3.44,473,450,923,211,210,421
1517,V2O4,0,3,V,C,3.872983346,79,-8,71,134,75,209,87,11.3,98.3,1.63,2.55,4.18,515.5,716.87,1232.37,207,170,377
1543,Cu2ReBr6,0,10,Cr,Re,6.92820323,73,63,136,122,131,253,83,62,145,1.66,1.9,3.56,397.48,774,1171.48,206,216,422
1547,Fe2Br6,1,6,Fe,Br,4.898979486,63,196,259,116,114,230,62,21,83,1.83,2.96,4.79,415.5,111.85,527.35,204,185,389
1548,Hf2Cl6,1,2,Hf,Hf,2.828427125,58,58,116,152,152,304,103,103,206,1.3,1.3,2.6,618.4,618.4,1236.8,223,223,446
1550,Mo2I6,1,5,Mo,I,6.92820323,69,220,289,138,133,271,87,32.9,119.9,2.16,2.66,4.82,658.98,106.757,765.737,217,198,415
1552,Os2Cl6,1,6,Os,Cl,4.898979486,63,181,244,129,99,228,57,14.6,71.6,2.2,3.16,5.36,787,121.302,908.302,216,175,391
1553,Pd2Cl6,1,10,Pd,Pd,0,59,59,118,120,120,240,26.14,26.14,52.28,2.2,2.2,4.4,376.6,376.6,753.2,210,210,420
1554,Re2Cl6,1,5,Re,Cl,5.916079783,63,181,244,131,99,230,62,14.6,76.6,1.9,3.16,5.06,774,121.302,895.302,216,175,391
1557,Ti2Br6,1,2,Ti,Br,2.828427125,86,196,282,136,114,250,100,21,121,1.54,2.96,4.5,473,111.85,584.85,211,185,396
1558,V2Br6,1,3,V,Br,3.872983346,79,196,275,134,114,248,87,21,108,1.63,2.96,4.59,515.5,111.85,627.35,207,185,392
1574,Cu2Br2S2,1,10,Cu,Cu,1.732050808,46,46,92,112,112,224,46.5,46.5,93,1.9,1.9,3.8,337.4,337.4,674.8,196,196,392
1579,Os2Br2O2,0,6,Os,C,4.898979486,63,-8,55,129,75,204,57,11.3,68.3,2.2,2.55,4.75,787,716.87,1503.87,216,170,386
1582,V2Br2Se2,1,3,V,Br,3.872983346,79,196,275,134,114,248,87,21,108,1.63,2.96,4.59,515.5,111.85,627.35,207,185,392
1583,Cr2Cl2Se2,1,5,Cr,Cl,6.92820323,73,181,254,122,99,221,83,14.6,97.6,1.66,3.16,4.82,397.48,121.302,518.782,206,175,381
1588,Ni2Cl2O2,1,8,Ni,Cl,2.828427125,55,181,236,110,99,209,49,14.6,63.6,1.91,3.16,5.07,430.1,121.302,551.402,197,175,372
1592,Co2Na2Sb2,0,7,Co,Sb,3.872983346,58,76,134,111,140,251,55,43,98,1.88,2.05,3.93,426.7,264.4,691.1,200,206,406
1615,CoHfF6,0,7,Co,F,3.872983346,58,128.5,186.5,111,64,175,55,3.74,58.74,1.88,3.98,5.86,426.7,79.335,506.035,200,147,347
1616,MnZrBr6,0,5,Mn,Zr,5.916079783,66,59,125,119,154,273,68,112,180,1.55,1.33,2.88,283.3,610,893.3,205,223,428
1628,Cr2Cu2O8,0,10,Cr,Cu,6.92820323,73,46,119,122,112,234,83,46.5,129.5,1.66,1.9,3.56,397.48,337.4,734.88,206,196,402
1630,Ga2NiS4,1,8,Ni,S,2.828427125,55,184,239,110,103,213,49,19.4,68.4,1.91,2.58,4.49,430.1,277.17,707.27,197,180,377
1634,MnRe2O8,0,5,Mn,Re,5.916079783,66,63,129,119,131,250,68,62,130,1.55,1.9,3.45,283.3,774,1057.3,205,216,421
1637,Ni2As2O7,0,8,Ni,As,2.828427125,55,58,113,110,121,231,49,30,79,1.91,2.18,4.09,430.1,302.5,732.6,197,185,382
1645,Bi2Fe2Br2S4,0,6,Fe,Bi,4.898979486,63,96,159,116,151,267,62,48,110,1.83,1.9,3.73,415.5,209.6,625.1,204,207,411
1646,Fe2W2Cl2O8,1,6,Fe,Cl,4.898979486,63,181,244,116,99,215,62,14.6,76.6,1.83,3.16,4.99,415.5,121.302,536.802,204,175,379
1648,Mn2Br2Sb2Se4,0,5,Mn,Sb,5.916079783,66,76,142,119,140,259,68,43,111,1.55,2.05,3.6,283.3,264.4,547.7,205,206,411
1665,V4N3O2,0,3,V,C,3.872983346,79,-8,71,134,75,209,87,11.3,98.3,1.63,2.55,4.18,515.5,716.87,1232.37,207,170,377
1666,Zr4C3,0,2,Zr,C,2.828427125,59,-8,51,154,75,229,112,11.3,123.3,1.33,2.55,3.88,610,716.87,1326.87,223,170,393
1673,Fe2Br2,0,6,Fe,P,4.898979486,63,44,107,116,111,227,62,25,87,1.83,2.19,4.02,415.5,316.5,732,204,180,384
1680,Ni2Cl2,1,8,Ni,Cl,2.828427125,55,181,236,110,99,209,49,14.6,63.6,1.91,3.16,5.07,430.1,121.302,551.402,197,175,372
1702,Ni2O2,0,8,Ni,O,2.828427125,55,135,190,110,63,173,49,5.3,54.3,1.91,3.44,5.35,430.1,249.229,679.329,197,152,349
1731,CoI2,0,7,Co,Si,3.872983346,58,26,84,111,116,227,55,37.3,92.3,1.88,1.9,3.78,426.7,450,876.7,200,210,410
1733,CrCl2,0,5,Cr,Ge,6.92820323,73,73,146,122,121,243,83,40,123,1.66,2.01,3.67,397.48,372,769.48,206,211,417
1734,CrSb2,0,5,Cr,Sb,6.92820323,73,76,149,122,140,262,83,43,126,1.66,2.05,3.71,397.48,264.4,661.88,206,206,412
1737,FeCl2,0,6,Fe,Sb,4.898979486,63,76,139,116,140,256,62,43,105,1.83,2.05,3.88,415.5,264.4,679.9,204,206,410
1738,FeS2,0,6,Fe,H,4.898979486,63,-38,25,116,32,148,62,4.50711,66.50711,1.83,2.2,4.03,415.5,217.998,633.498,204,110,314
1750,MnI2,0,5,Mn,C,5.916079783,66,-8,58,119,75,194,68,11.3,79.3,1.55,2.55,4.1,283.3,716.87,1000.17,205,170,375
1751,MnTe2,0,5,Mn,H,5.916079783,66,-38,28,119,32,151,68,4.50711,72.50711,1.55,2.2,3.75,283.3,217.998,501.298,205,110,315
1754,Mn2N,1,5,Mn,N,5.916079783,66,146,212,119,71,190,68,7.4,75.4,1.55,3.04,4.59,283.3,472.44,755.74,205,155,360
1758,NiO2,1,8,Ni,S,2.828427125,55,184,239,110,103,213,49,19.4,68.4,1.91,2.58,4.49,430.1,277.17,707.27,197,180,377
1759,OsBr2,1,6,Os,Br,4.898979486,63,196,259,129,114,243,57,21,78,2.2,2.96,5.16,787,111.85,898.85,216,185,401
1763,PdCl2,1,10,Pd,Cl,0,59,181,240,120,99,219,26.14,14.6,40.74,2.2,3.16,5.36,376.6,121.302,497.902,210,175,385
1794,Cr2BO2,1,5,Cr,O,6.92820323,73,135,208,122,63,185,83,5.3,88.3,1.66,3.44,5.1,397.48,249.229,646.709,206,152,358
1802,NiH2O2,0,8,Ni,H,2.828427125,55,-38,17,110,32,142,49,4.50711,53.50711,1.91,2.2,4.11,430.1,217.998,648.098,197,110,307
1806,Mn2CH2O2,1,5,Mn,S,5.916079783,66,184,250,119,103,222,68,19.4,87.4,1.55,2.58,4.13,283.3,277.17,560.47,205,180,385
1810,AlNi5Cl2,1,8,Ni,Cl,2.828427125,55,181,236,110,99,209,49,14.6,63.6,1.91,3.16,5.07,430.1,121.302,551.402,197,175,372
1811,InNi5Br2,1,8,Ni,Br,2.828427125,55,196,251,110,114,224,49,21,70,1.91,2.96,4.87,430.1,111.85,541.95,197,185,382
1812,Cu2ReCl6,1,10,Cu,Cl,1.732050808,46,181,227,112,99,211,46.5,14.6,61.1,1.9,3.16,5.06,337.4,121.302,458.702,196,175,371
1815,Co2I6,1,7,Co,I,3.872983346,58,220,278,111,133,244,55,32.9,87.9,1.88,2.66,4.54,426.7,106.757,533.457,200,198,398
1816,Fe2Br6,1,6,Fe,Br,4.898979486,63,196,259,116,114,230,62,21,83,1.83,2.96,4.79,415.5,111.85,527.35,204,185,389
1817,Hf2Cl6,1,2,Hf,Cl,2.828427125,58,181,239,152,99,251,103,14.6,117.6,1.3,3.16,4.46,618.4,121.302,739.702,223,175,398
1821,Os2Cl6,0,6,Os,H,4.898979486,63,-38,25,129,32,161,57,4.50711,61.50711,2.2,2.2,4.4,787,217.998,1004.998,216,110,326
1822,Pd2Cl6,1,10,Pd,Cl,0,59,181,240,120,99,219,26.14,14.6,40.74,2.2,3.16,5.36,376.6,121.302,497.902,210,175,385
1824,Ru2I6,1,7,Ru,I,4.898979486,68,220,288,125,133,258,72,32.9,104.9,2.2,2.66,4.86,650.6,106.757,757.357,213,198,411
1826,Ti2Cl6,1,2,Ti,Cl,2.828427125,86,181,267,136,99,235,100,14.6,114.6,1.54,3.16,4.7,473,121.302,594.302,211,175,386
1827,V2Cl6,1,3,V,Cl,3.872983346,79,181,260,134,99,233,87,14.6,101.6,1.63,3.16,4.79,515.5,121.302,636.802,207,175,382
1841,CrBrCl,1,5,Cr,Br,6.92820323,73,196,269,122,114,236,83,21,104,1.66,2.96,4.62,397.48,111.85,509.33,206,185,391
1861,Cr2I2N2,1,5,Cr,I,6.92820323,73,220,293,122,133,255,83,32.9,115.9,1.66,2.66,4.32,397.48,106.757,504.237,206,198,404
1864,Hf4I4Se4,1,2,Hf,I,2.828427125,58,220,278,152,133,285,103,32.9,135.9,1.3,2.66,3.96,618.4,106.757,725.157,223,198,421
1876,Fe2H2O4,0,6,Fe,H,4.898979486,63,-38,25,116,32,148,62,4.50711,66.50711,1.83,2.2,4.03,415.5,217.998,633.498,204,110,314
1884,CoZrBr6,0,7,Co,Zr,3.872983346,58,59,117,111,154,265,55,112,167,1.88,1.33,3.21,426.7,610,1036.7,200,223,423
1885,MnZrCl6,0,5,Mn,Zr,5.916079783,66,59,125,119,154,273,68,112,180,1.55,1.33,2.88,283.3,610,893.3,205,223,428
1886,Al2O4,0,0,Al,O,1.732050808,39,135,174,126,63,189,57.8,5.3,63.1,1.61,3.44,5.05,330.9,249.229,580.129,184,152,336
1888,Cu2F4,1,10,Cu,S,1.732050808,46,184,230,112,103,215,46.5,19.4,65.9,1.9,2.58,4.48,337.4,277.17,614.57,196,180,376
1899,Cr2Ge2Te6,1,5,Cr,Te,6.92820323,73,221,294,122,136,258,83,38,121,1.66,2.1,3.76,397.48,196.6,594.08,206,206,412
1900,Cu4O12Te4,0,10,Cu,O,1.732050808,46,135,181,112,63,175,46.5,5.3,51.8,1.9,3.44,5.34,337.4,249.229,586.629,196,152,348
1904,Mo2O10P2,1,5,Mo,Cl,6.92820323,69,181,250,138,99,237,87,14.6,101.6,2.16,3.16,5.32,658.98,121.302,780.282,217,175,392
1930,Zr3C2,0,2,Zr,C,2.828427125,59,-8,51,154,75,229,112,11.3,123.3,1.33,2.55,3.88,610,716.87,1326.87,223,170,393
1942,Fe2Br2,1,6,Fe,Br,4.898979486,63,196,259,116,114,230,62,21,83,1.83,2.96,4.79,415.5,111.85,527.35,204,185,389
1951,Y2Cl2,1,1,Y,Cl,1.732050808,90,181,271,163,99,262,162,14.6,176.6,1.22,3.16,4.38,424.7,121.302,546.002,232,175,407
1963,Mn2I2,1,5,Mn,I,5.916079783,66,220,286,119,133,252,68,32.9,100.9,1.55,2.66,4.21,283.3,106.757,390.057,205,198,403
2000,CoI2,0,7,Co,P,3.872983346,58,44,102,111,111,222,55,25,80,1.88,2.19,4.07,426.7,316.5,743.2,200,180,380
2002,CrF2,0,5,Cr,C,6.92820323,73,-8,65,122,75,197,83,11.3,94.3,1.66,2.55,4.21,397.48,716.87,1114.35,206,170,376
2006,FeCl2,0,6,Fe,P,4.898979486,63,44,107,116,111,227,62,25,87,1.83,2.19,4.02,415.5,316.5,732,204,180,384
2019,MnI2,1,5,Mn,I,5.916079783,66,220,286,119,133,252,68,32.9,100.9,1.55,2.66,4.21,283.3,106.757,390.057,205,198,403
2020,MnTe2,0,5,Mn,C,5.916079783,66,-8,58,119,75,194,68,11.3,79.3,1.55,2.55,4.1,283.3,716.87,1000.17,205,170,375
2026,NiBr2,1,8,Ni,Br,2.828427125,55,196,251,110,114,224,49,21,70,1.91,2.96,4.87,430.1,111.85,541.95,197,185,382
2032,PdF2,1,10,Pd,Cl,0,59,181,240,120,99,219,26.14,14.6,40.74,2.2,3.16,5.36,376.6,121.302,497.902,210,175,385
2038,Rh2Cl4,1,8,Rh,Cl,3.872983346,66.5,181,247.5,125,99,224,66,14.6,80.6,2.28,3.16,5.44,556,121.302,677.302,210,175,385
2054,VBr2,1,3,V,V,3.872983346,79,79,158,134,134,268,87,87,174,1.63,1.63,3.26,515.5,515.5,1031,207,207,414
2058,W2Se4,1,4,W,Se,4.898979486,66,198,264,137,116,253,68,28.9,96.9,1.7,2.55,4.25,851,227.2,1078.2,218,190,408
2063,Cr2BS2,1,5,Cr,S,6.92820323,73,184,257,122,103,225,83,19.4,102.4,1.66,2.58,4.24,397.48,277.17,674.65,206,180,386
2081,Cu2ReF6,1,10,Cu,Se,1.732050808,46,198,244,112,116,228,46.5,28.9,75.4,1.9,2.55,4.45,337.4,227.2,564.6,196,190,386
2085,Fe2Cl6,0,6,Fe,C,4.898979486,63,-8,55,116,75,191,62,11.3,73.3,1.83,2.55,4.38,415.5,716.87,1132.37,204,170,374
2086,Hf2I6,1,2,Hf,I,2.828427125,58,220,278,152,133,285,103,32.9,135.9,1.3,2.66,3.96,618.4,106.757,725.157,223,198,421
2090,Os2I6,0,6,Os,H,4.898979486,63,-38,25,129,32,161,57,4.50711,61.50711,2.2,2.2,4.4,787,217.998,1004.998,216,110,326
2091,Pd2I6,1,10,Pd,I,0,59,220,279,120,133,253,26.14,32.9,59.04,2.2,2.66,4.86,376.6,106.757,483.357,210,198,408
2092,Re2I6,1,5,Re,I,5.916079783,63,220,283,131,133,264,62,32.9,94.9,1.9,2.66,4.56,774,106.757,880.757,216,198,414
2095,Ti2Cl6,1,2,Ti,Ti,2.828427125,86,86,172,136,136,272,100,100,200,1.54,1.54,3.08,473,473,946,211,211,422
2096,V2Cl6,1,3,V,Cl,3.872983346,79,181,260,134,99,233,87,14.6,101.6,1.63,3.16,4.79,515.5,121.302,636.802,207,175,382
2110,CrBrCl,0,5,Cr,Cr,6.92820323,73,73,146,122,122,244,83,83,166,1.66,1.66,3.32,397.48,397.48,794.96,206,206,412
2112,Fe2Br2N2,0,6,Fe,Ti,4.898979486,63,86,149,116,136,252,62,100,162,1.83,1.54,3.37,415.5,473,888.5,204,211,415
2114,TiBrI,1,2,Ti,I,2.828427125,86,220,306,136,133,269,100,32.9,132.9,1.54,2.66,4.2,473,106.757,579.757,211,198,409
2115,Mn2Br2O2,1,5,Mn,Br,5.916079783,66,196,262,119,114,233,68,21,89,1.55,2.96,4.51,283.3,111.85,395.15,205,185,390
2119,Ti4Br4S4,1,2,Ti,Br,2.828427125,86,196,282,136,114,250,100,21,121,1.54,2.96,4.5,473,111.85,584.85,211,185,396
2130,Cr2I2S2,1,5,Cr,I,6.92820323,73,220,293,122,133,255,83,32.9,115.9,1.66,2.66,4.32,397.48,106.757,504.237,206,198,404
2139,Ti4I4Se4,1,2,Ti,Ti,2.828427125,86,86,172,136,136,272,100,100,200,1.54,1.54,3.08,473,473,946,211,211,422
2142,VSTe,1,3,V,S,3.872983346,79,184,263,134,103,237,87,19.4,106.4,1.63,2.58,4.21,515.5,277.17,792.67,207,180,387
2145,Mn2H2O4,1,5,Mn,Se,5.916079783,66,198,264,119,116,235,68,28.9,96.9,1.55,2.55,4.1,283.3,227.2,510.5,205,190,395
2163,Y2I2,1,1,Y,I,1.732050808,90,220,310,163,133,296,162,32.9,194.9,1.22,2.66,3.88,424.7,106.757,531.457,232,198,430
2167,Cd2Mn3O8,0,5,Mn,Cd,5.916079783,66,78,144,119,136,255,68,46,114,1.55,1.69,3.24,283.3,111.8,395.1,205,218,423
2168,Cr2Si2Te6,1,5,Cr,Te,6.92820323,73,221,294,122,136,258,83,38,121,1.66,2.1,3.76,397.48,196.6,594.08,206,206,412
2172,K2C2O6,1,0,K,O,1.732050808,137,135,272,196,63,259,289.7,5.3,295,0.82,3.44,4.26,89,249.229,338.229,275,152,427
2173,Mo2V2O10,0,5,Mo,V,6.92820323,69,79,148,138,134,272,87,87,174,2.16,1.63,3.79,658.98,515.5,1174.48,217,207,424
2176,NiV2Se4,0,8,Ni,V,2.828427125,55,79,134,110,134,244,49,87,136,1.91,1.63,3.54,430.1,515.5,945.6,197,207,404
2185,Fe2Sr3Br2O5,0,6,Fe,Sr,4.898979486,63,118,181,116,185,301,62,197.2,259.2,1.83,0.95,2.78,415.5,164,579.5,204,249,453
2186,K2Pt2Cl6N2,1,9,Pt,Cl,2.828427125,60,181,241,123,99,222,48,14.6,62.6,2.2,3.16,5.36,565.7,121.302,687.002,213,175,388
2187,Mn2Cl2S4Sb2,0,5,Mn,Sb,5.916079783,66,76,142,119,140,259,68,43,111,1.55,2.05,3.6,283.3,264.4,547.7,205,206,411
2193,Cr3C2H2O2,0,5,Cr,H,6.92820323,73,-38,35,122,32,154,83,4.50711,87.50711,1.66,2.2,3.86,397.48,217.998,615.478,206,110,316
2197,Mn3F2N2,1,5,Mn,N,5.916079783,66,146,212,119,71,190,68,7.4,75.4,1.55,3.04,4.59,283.3,472.44,755.74,205,155,360
2201,Cr3N2,1,5,Cr,N,6.92820323,73,146,219,122,71,193,83,7.4,90.4,1.66,3.04,4.7,397.48,472.44,869.92,206,155,361
2202,Cr4C3F2,0,5,Cr,C,6.92820323,73,-8,65,122,75,197,83,11.3,94.3,1.66,2.55,4.21,397.48,716.87,1114.35,206,170,376
2215,Rh2Br2,0,8,Rh,H,3.872983346,66.5,-38,28.5,125,32,157,66,4.50711,70.50711,2.28,2.2,4.48,556,217.998,773.998,210,110,320
2226,Mn2F2,0,5,Mn,P,5.916079783,66,44,110,119,111,230,68,25,93,1.55,2.19,3.74,283.3,316.5,599.8,205,180,385
2227,Rh2F2,0,8,Rh,C,3.872983346,66.5,-8,58.5,125,75,200,66,11.3,77.3,2.28,2.55,4.83,556,716.87,1272.87,210,170,380
2271,CoI2,0,7,Co,C,3.872983346,58,-8,50,111,75,186,55,11.3,66.3,1.88,2.55,4.43,426.7,716.87,1143.57,200,170,370
2278,Fe2Se4,0,6,Fe,H,4.898979486,63,-38,25,116,32,148,62,4.50711,66.50711,1.83,2.2,4.03,415.5,217.998,633.498,204,110,314
2290,MnI2,0,5,Mn,Si,5.916079783,66,26,92,119,116,235,68,37.3,105.3,1.55,1.9,3.45,283.3,450,733.3,205,210,415
2292,MoI2,0,5,Mo,H,6.92820323,69,-38,31,138,32,170,87,4.50711,91.50711,2.16,2.2,4.36,658.98,217.998,876.978,217,110,327
2293,Mo2Se4,1,5,Mo,Se,6.92820323,69,198,267,138,116,254,87,28.9,115.9,2.16,2.55,4.71,658.98,227.2,886.18,217,190,407
2297,NiBr2,0,8,Ni,Si,2.828427125,55,26,81,110,116,226,49,37.3,86.3,1.91,1.9,3.81,430.1,450,880.1,197,210,407
2299,OsCl2,1,6,Os,Cl,4.898979486,63,181,244,129,99,228,57,14.6,71.6,2.2,3.16,5.36,787,121.302,908.302,216,175,391
2307,Re2I4,0,5,Re,Re,5.916079783,63,63,126,131,131,262,62,62,124,1.9,1.9,3.8,774,774,1548,216,216,432
2311,RuBr2,1,7,Ru,Br,4.898979486,68,196,264,125,114,239,72,21,93,2.2,2.96,5.16,650.6,111.85,762.45,213,185,398
2314,Sb2Se4,0,0,Sb,Sb,3.872983346,76,76,152,140,140,280,43,43,86,2.05,2.05,4.1,264.4,264.4,528.8,206,206,412
2321,Ta2Te4,0,3,Ta,Ta,3.872983346,72,72,144,146,146,292,74,74,148,1.5,1.5,3,782,782,1564,222,222,444
2325,VBr2,0,3,V,P,3.872983346,79,44,123,134,111,245,87,25,112,1.63,2.19,3.82,515.5,316.5,832,207,180,387
2352,Cu2ReI6,1,10,Cu,I,1.732050808,46,220,266,112,133,245,46.5,32.9,79.4,1.9,2.66,4.56,337.4,106.757,444.157,196,198,394
2356,Fe2Cl6,1,6,Fe,Cl,4.898979486,63,181,244,116,99,215,62,14.6,76.6,1.83,3.16,4.99,415.5,121.302,536.802,204,175,379
2357,Hf2I6,1,2,Hf,I,2.828427125,58,220,278,152,133,285,103,32.9,135.9,1.3,2.66,3.96,618.4,106.757,725.157,223,198,421
2366,Ti2I6,1,2,Ti,Ti,2.828427125,86,86,172,136,136,272,100,100,200,1.54,1.54,3.08,473,473,946,211,211,422
2367,V2I6,1,3,V,I,3.872983346,79,220,299,134,133,267,87,32.9,119.9,1.63,2.66,4.29,515.5,106.757,622.257,207,198,405
2373,BiCrAs,1,5,Cr,Se,6.92820323,73,198,271,122,116,238,83,28.9,111.9,1.66,2.55,4.21,397.48,227.2,624.68,206,190,396
2379,BiCrSb,0,5,Cr,Sb,6.92820323,73,76,149,122,140,262,83,43,126,1.66,2.05,3.71,397.48,264.4,661.88,206,206,412
2383,Fe2Br2O2,0,6,Fe,P,4.898979486,63,44,107,116,111,227,62,25,87,1.83,2.19,4.02,415.5,316.5,732,204,180,384
2384,Hf4Br4S4,1,2,Hf,Br,2.828427125,58,196,254,152,114,266,103,21,124,1.3,2.96,4.26,618.4,111.85,730.25,223,185,408
2385,VBrI,0,3,V,C,3.872983346,79,-8,71,134,75,209,87,11.3,98.3,1.63,2.55,4.18,515.5,716.87,1232.37,207,170,377
2386,Mn2Br2Se2,1,5,Mn,Br,5.916079783,66,196,262,119,114,233,68,21,89,1.55,2.96,4.51,283.3,111.85,395.15,205,185,390
2391,Zr4Br4Se4,1,2,Zr,Br,2.828427125,59,196,255,154,114,268,112,21,133,1.33,2.96,4.29,610,111.85,721.85,223,185,408
2400,Ti4Cl4Se4,1,2,Ti,Cl,2.828427125,86,181,267,136,99,235,100,14.6,114.6,1.54,3.16,4.7,473,121.302,594.302,211,175,386
2401,Cr2I2Se2,1,5,Cr,I,6.92820323,73,220,293,122,133,255,83,32.9,115.9,1.66,2.66,4.32,397.48,106.757,504.237,206,198,404
2402,Fe2Mg2Ge2,1,6,Fe,Se,4.898979486,63,198,261,116,116,232,62,28.9,90.9,1.83,2.55,4.38,415.5,227.2,642.7,204,190,394
2410,V2I2Se2,1,3,V,I,3.872983346,79,220,299,134,133,267,87,32.9,119.9,1.63,2.66,4.29,515.5,106.757,622.257,207,198,405
2416,Mn2H2S4,1,5,Mn,S,5.916079783,66,184,250,119,103,222,68,19.4,87.4,1.55,2.58,4.13,283.3,277.17,560.47,205,180,385
2425,MnZrI6,0,5,Mn,Zr,5.916079783,66,59,125,119,154,273,68,112,180,1.55,1.33,2.88,283.3,610,893.3,205,223,428
2434,AlFeF5,1,6,Fe,S,4.898979486,63,184,247,116,103,219,62,19.4,81.4,1.83,2.58,4.41,415.5,277.17,692.67,204,180,384
2438,CrGa2S4,0,5,Cr,Ga,6.92820323,73,47,120,122,124,246,83,50,133,1.66,1.81,3.47,397.48,271.96,669.44,206,187,393
2446,NiCl2O8,1,8,Ni,Cl,2.828427125,55,181,236,110,99,209,49,14.6,63.6,1.91,3.16,5.07,430.1,121.302,551.402,197,175,372
2451,V2H2O5,0,3,V,H,3.872983346,79,-38,41,134,32,166,87,4.50711,91.50711,1.63,2.2,3.83,515.5,217.998,733.498,207,110,317
2453,Ag2V2P4S12,1,3,V,S,3.872983346,79,184,263,134,103,237,87,19.4,106.4,1.63,2.58,4.21,515.5,277.17,792.67,207,180,387
2455,FeMn2C6N6,1,6,Fe,N,4.898979486,63,146,209,116,71,187,62,7.4,69.4,1.83,3.04,4.87,415.5,472.44,887.94,204,155,359
2456,Mn2H4O8S2,0,5,Mn,H,5.916079783,66,-38,28,119,32,151,68,4.50711,72.50711,1.55,2.2,3.75,283.3,217.998,501.298,205,110,315
2474,Mn4N3,0,5,Mn,C,5.916079783,66,-8,58,119,75,194,68,11.3,79.3,1.55,2.55,4.1,283.3,716.87,1000.17,205,170,375
2483,Rh2Br2,1,8,Rh,Br,3.872983346,66.5,196,262.5,125,114,239,66,21,87,2.28,2.96,5.24,556,111.85,667.85,210,185,395
2489,Sc2Cl2,1,1,Sc,Cl,1.732050808,74.5,181,255.5,148,99,247,97,14.6,111.6,1.36,3.16,4.52,377.8,121.302,499.102,215,175,390
2492,Cr2S2,0,5,Cr,Cr,6.92820323,73,73,146,122,122,244,83,83,166,1.66,1.66,3.32,397.48,397.48,794.96,206,206,412
2495,Rh2F2,1,8,Rh,Se,3.872983346,66.5,198,264.5,125,116,241,66,28.9,94.9,2.28,2.55,4.83,556,227.2,783.2,210,190,400
2497,Fe2Se2,1,6,Fe,Se,4.898979486,63,198,261,116,116,232,62,28.9,90.9,1.83,2.55,4.38,415.5,227.2,642.7,204,190,394
2504,Ti2I2,1,2,Ti,I,2.828427125,86,220,306,136,133,269,100,32.9,132.9,1.54,2.66,4.2,473,106.757,579.757,211,198,409
2539,CoLi2,1,7,Co,S,3.872983346,58,184,242,111,103,214,55,19.4,74.4,1.88,2.58,4.46,426.7,277.17,703.87,200,180,380
2541,CrI2,0,5,Cr,Fe,6.92820323,73,63,136,122,116,238,83,62,145,1.66,1.83,3.49,397.48,415.5,812.98,206,204,410
2542,Cr2Se4,0,5,Cr,Si,6.92820323,73,26,99,122,116,238,83,37.3,120.3,1.66,1.9,3.56,397.48,450,847.48,206,210,416
2546,FeSe2,0,6,Fe,Fe,4.898979486,63,63,126,116,116,232,62,62,124,1.83,1.83,3.66,415.5,415.5,831,204,204,408
2558,Li2Mn,0,5,Mn,Li,5.916079783,66,59,125,119,133,252,68,164.1125,232.1125,1.55,0.98,2.53,283.3,159.3,442.6,205,182,387
2560,MoI2,0,5,Mo,Mo,6.92820323,69,69,138,138,138,276,87,87,174,2.16,2.16,4.32,658.98,658.98,1317.96,217,217,434
2565,NiBr2,1,8,Ni,Br,2.828427125,55,196,251,110,114,224,49,21,70,1.91,2.96,4.87,430.1,111.85,541.95,197,185,382
2577,RhCl2,0,8,Rh,Rh,3.872983346,66.5,66.5,133,125,125,250,66,66,132,2.28,2.28,4.56,556,556,1112,210,210,420
2593,VBr2,0,3,V,V,3.872983346,79,79,158,134,134,268,87,87,174,1.63,1.63,3.26,515.5,515.5,1031,207,207,414
2594,V2S4,1,3,V,S,3.872983346,79,184,263,134,103,237,87,19.4,106.4,1.63,2.58,4.21,515.5,277.17,792.67,207,180,387
2619,InNi5Cl2,1,8,Ni,Cl,2.828427125,55,181,236,110,99,209,49,14.6,63.6,1.91,3.16,5.07,430.1,121.302,551.402,197,175,372
2624,Fe2I6,1,6,Fe,I,4.898979486,63,220,283,116,133,249,62,32.9,94.9,1.83,2.66,4.49,415.5,106.757,522.257,204,198,402
2628,Ni2Br6,1,8,Ni,Br,2.828427125,55,196,251,110,114,224,49,21,70,1.91,2.96,4.87,430.1,111.85,541.95,197,185,382
2630,Pt2Br6,1,9,Pt,Br,2.828427125,60,196,256,123,114,237,48,21,69,2.2,2.96,5.16,565.7,111.85,677.55,213,185,398
2635,V2I6,1,3,V,I,3.872983346,79,220,299,134,133,267,87,32.9,119.9,1.63,2.66,4.29,515.5,106.757,622.257,207,198,405
2653,VBrI,0,3,V,V,3.872983346,79,79,158,134,134,268,87,87,174,1.63,1.63,3.26,515.5,515.5,1031,207,207,414
2662,TiClI,0,2,Ti,Ti,2.828427125,86,86,172,136,136,272,100,100,200,1.54,1.54,3.08,473,473,946,211,211,422
2663,Mn2Cl2N2,1,5,Mn,Cl,5.916079783,66,181,247,119,99,218,68,14.6,82.6,1.55,3.16,4.71,283.3,121.302,404.602,205,175,380
2668,V2Cl2Se2,1,3,V,V,3.872983346,79,79,158,134,134,268,87,87,174,1.63,1.63,3.26,515.5,515.5,1031,207,207,414
2670,Fe2Sr2Ge2,1,6,Fe,Se,4.898979486,63,198,261,116,116,232,62,28.9,90.9,1.83,2.55,4.38,415.5,227.2,642.7,204,190,394
2677,Ti4I4S4,1,2,Ti,S,2.828427125,86,184,270,136,103,239,100,19.4,119.4,1.54,2.58,4.12,473,277.17,750.17,211,180,391
2693,NiZrBr6,0,8,Ni,Zr,2.828427125,55,59,114,110,154,264,49,112,161,1.91,1.33,3.24,430.1,610,1040.1,197,223,420
2700,Y2Cl2,1,1,Y,Cl,1.732050808,90,181,271,163,99,262,162,14.6,176.6,1.22,3.16,4.38,424.7,121.302,546.002,232,175,407
2705,CrMoF6,0,5,Cr,Mo,6.92820323,73,69,142,122,138,260,83,87,170,1.66,2.16,3.82,397.48,658.98,1056.46,206,217,423
2718,V2P2S6,0,3,V,P,3.872983346,79,44,123,134,111,245,87,25,112,1.63,2.19,3.82,515.5,316.5,832,207,180,387
2719,Zn4Cl4O4,1,10,Zn,Cl,0,60,181,241,118,99,217,38.67,14.6,53.27,1.65,3.16,4.81,130.4,121.302,251.702,201,175,376
2720,AgVP2Se6,1,3,V,Se,3.872983346,79,198,277,134,116,250,87,28.9,115.9,1.63,2.55,4.18,515.5,227.2,742.7,207,190,397
2722,Cu2C4H4O8,0,10,Cu,H,1.732050808,46,-38,8,112,32,144,46.5,4.50711,51.00711,1.9,2.2,4.1,337.4,217.998,555.398,196,110,306
2725,Mn2I2Sb2Se4,0,5,Mn,Sb,5.916079783,66,76,142,119,140,259,68,43,111,1.55,2.05,3.6,283.3,264.4,547.7,205,206,411
2727,Ca2C2F2O6,0,0,Ca,C,0,100,-8,92,171,75,246,160.8,11.3,172.1,1,2.55,3.55,177.8,716.87,894.67,231,170,401
2731,Mn3C2H2O2,1,5,Mn,S,5.916079783,66,184,250,119,103,222,68,19.4,87.4,1.55,2.58,4.13,283.3,277.17,560.47,205,180,385
2734,Cr3C2O2,1,5,Cr,O,6.92820323,73,135,208,122,63,185,83,5.3,88.3,1.66,3.44,5.1,397.48,249.229,646.709,206,152,358
2736,V3N2O2,0,3,V,V,3.872983346,79,79,158,134,134,268,87,87,174,1.63,1.63,3.26,515.5,515.5,1031,207,207,414
2739,Mn3N2,0,5,Mn,Mn,5.916079783,66,66,132,119,119,238,68,68,136,1.55,1.55,3.1,283.3,283.3,566.6,205,205,410
2740,Mn4C3F2,1,5,Mn,Cl,5.916079783,66,181,247,119,99,218,68,14.6,82.6,1.55,3.16,4.71,283.3,121.302,404.602,205,175,380
2743,Cr4C3,1,5,Cr,Se,6.92820323,73,198,271,122,116,238,83,28.9,111.9,1.66,2.55,4.21,397.48,227.2,624.68,206,190,396
2752,Ni2Br2,1,8,Ni,Br,2.828427125,55,196,251,110,114,224,49,21,70,1.91,2.96,4.87,430.1,111.85,541.95,197,185,382
2811,CrI2,1,5,Cr,I,6.92820323,73,220,293,122,133,255,83,32.9,115.9,1.66,2.66,4.32,397.48,106.757,504.237,206,198,404
2812,CrSe2,1,5,Cr,Se,6.92820323,73,198,271,122,116,238,83,28.9,111.9,1.66,2.55,4.21,397.48,227.2,624.68,206,190,396
2815,FeH2,0,6,Fe,H,4.898979486,63,-38,25,116,32,148,62,4.50711,66.50711,1.83,2.2,4.03,415.5,217.998,633.498,204,110,314
2828,MnO2,1,5,Mn,S,5.916079783,66,184,250,119,103,222,68,19.4,87.4,1.55,2.58,4.13,283.3,277.17,560.47,205,180,385
2830,MoI2,0,5,Mo,Mo,6.92820323,69,69,138,138,138,276,87,87,174,2.16,2.16,4.32,658.98,658.98,1317.96,217,217,434
2835,NiCl2,1,8,Ni,Cl,2.828427125,55,181,236,110,99,209,49,14.6,63.6,1.91,3.16,5.07,430.1,121.302,551.402,197,175,372
2845,ReI2,1,5,Re,I,5.916079783,63,220,283,131,133,264,62,32.9,94.9,1.9,2.66,4.56,774,106.757,880.757,216,198,414
2849,RuCl2,1,7,Ru,Cl,4.898979486,68,181,249,125,99,224,72,14.6,86.6,2.2,3.16,5.36,650.6,121.302,771.902,213,175,388
2882,ZrH2O2,0,2,Zr,H,2.828427125,59,-38,21,154,32,186,112,4.50711,116.50711,1.33,2.2,3.53,610,217.998,827.998,223,110,333
2890,Ag2Br6,1,10,Ag,Br,1.732050808,67,196,263,128,114,242,55,21,76,1.93,2.96,4.89,284.9,111.85,396.75,211,185,396
2893,Cr2Br6,1,5,Cr,Br,6.92820323,73,196,269,122,114,236,83,21,104,1.66,2.96,4.62,397.48,111.85,509.33,206,185,391
2894,Fe2I6,1,6,Fe,I,4.898979486,63,220,283,116,133,249,62,32.9,94.9,1.83,2.66,4.49,415.5,106.757,522.257,204,198,402
2898,Ni2Br6,1,8,Ni,Ni,2.828427125,55,55,110,110,110,220,49,49,98,1.91,1.91,3.82,430.1,430.1,860.2,197,197,394
2900,Pt2Br6,1,9,Pt,Br,2.828427125,60,196,256,123,114,237,48,21,69,2.2,2.96,5.16,565.7,111.85,677.55,213,185,398
2922,Hf4Br4Se4,1,2,Hf,Hf,2.828427125,58,58,116,152,152,304,103,103,206,1.3,1.3,2.6,618.4,618.4,1236.8,223,223,446
2928,Zr4Br4S4,1,2,Zr,Br,2.828427125,59,196,255,154,114,268,112,21,133,1.33,2.96,4.29,610,111.85,721.85,223,185,408
2929,Ca2Mn2Sn2,0,5,Mn,Sn,5.916079783,66,55,121,119,140,259,68,53,121,1.55,1.96,3.51,283.3,301.2,584.5,205,217,422
2930,Fe2Cl2O2,0,6,Fe,O,4.898979486,63,135,198,116,63,179,62,5.3,67.3,1.83,3.44,5.27,415.5,249.229,664.729,204,152,356
2931,Hf4Cl4S4,0,2,Hf,Si,2.828427125,58,26,84,152,116,268,103,37.3,140.3,1.3,1.9,3.2,618.4,450,1068.4,223,210,433
2932,VClI,1,3,V,Cl,3.872983346,79,181,260,134,99,233,87,14.6,101.6,1.63,3.16,4.79,515.5,121.302,636.802,207,175,382
2933,Mn2Cl2O2,0,5,Mn,P,5.916079783,66,44,110,119,111,230,68,25,93,1.55,2.19,3.74,283.3,316.5,599.8,205,180,385
2940,Fe2I2O2,0,6,Fe,O,4.898979486,63,135,198,116,63,179,62,5.3,67.3,1.83,3.44,5.27,415.5,249.229,664.729,204,152,356
2941,Mg2Mn2Ge2,1,5,Mn,Se,5.916079783,66,198,264,119,116,235,68,28.9,96.9,1.55,2.55,4.1,283.3,227.2,510.5,205,190,395
2943,Mn2I2Se2,1,5,Mn,Mn,5.916079783,66,66,132,119,119,238,68,68,136,1.55,1.55,3.1,283.3,283.3,566.6,205,205,410
2963,NiZrCl6,0,8,Ni,Zr,2.828427125,55,59,114,110,154,264,49,112,161,1.91,1.33,3.24,430.1,610,1040.1,197,223,420
2970,Rb2C4,0,0,Rb,C,1.732050808,152,-8,144,210,75,285,319.8,11.3,331.1,0.82,2.55,3.37,80.9,716.87,797.77,303,170,473
2971,Ti2Br6,1,2,Ti,Br,2.828427125,86,196,282,136,114,250,100,21,121,1.54,2.96,4.5,473,111.85,584.85,211,185,396
2975,Bi2MnTe4,0,5,Mn,Bi,5.916079783,66,96,162,119,151,270,68,48,116,1.55,1.9,3.45,283.3,209.6,492.9,205,207,412
2978,Fe2F2O2,0,6,Fe,F,4.898979486,63,128.5,191.5,116,64,180,62,3.74,65.74,1.83,3.98,5.81,415.5,79.335,494.835,204,147,351
2979,Ga2MnS4,0,5,Mn,Ga,5.916079783,66,47,113,119,124,243,68,50,118,1.55,1.81,3.36,283.3,271.96,555.26,205,187,392
2993,Cu2H4O10Se2,1,10,Cu,Se,1.732050808,46,198,244,112,116,228,46.5,28.9,75.4,1.9,2.55,4.45,337.4,227.2,564.6,196,190,386
2997,NiC2N2S2,1,8,Ni,S,2.828427125,55,184,239,110,103,213,49,19.4,68.4,1.91,2.58,4.49,430.1,277.17,707.27,197,180,377
3009,Cr3C2,1,5,Cr,S,6.92820323,73,184,257,122,103,225,83,19.4,102.4,1.66,2.58,4.24,397.48,277.17,674.65,206,180,386
3014,Hf4C3,1,2,Hf,Se,2.828427125,58,198,256,152,116,268,103,28.9,131.9,1.3,2.55,3.85,618.4,227.2,845.6,223,190,413
3023,Ni2Br2,1,8,Ni,Ni,2.828427125,55,55,110,110,110,220,49,49,98,1.91,1.91,3.82,430.1,430.1,860.2,197,197,394
3027,Co2Cl2,1,7,Co,Cl,3.872983346,58,181,239,111,99,210,55,14.6,69.6,1.88,3.16,5.04,426.7,121.302,548.002,200,175,375
3048,Mn2O2,1,5,Mn,Te,5.916079783,66,221,287,119,136,255,68,38,106,1.55,2.1,3.65,283.3,196.6,479.9,205,206,411
3082,CrI2,0,5,Cr,Si,6.92820323,73,26,99,122,116,238,83,37.3,120.3,1.66,1.9,3.56,397.48,450,847.48,206,210,416
3086,FeI2,1,6,Fe,I,4.898979486,63,220,283,116,133,249,62,32.9,94.9,1.83,2.66,4.49,415.5,106.757,522.257,204,198,402
3087,FeSe2,1,6,Fe,Se,4.898979486,63,198,261,116,116,232,62,28.9,90.9,1.83,2.55,4.38,415.5,227.2,642.7,204,190,394
3093,Hg2O4,1,10,Hg,O,0,97,135,232,133,63,196,33.91,5.3,39.21,1.9,3.44,5.34,61.38,249.229,310.609,223,152,375
3099,MnO2,1,5,Mn,Br,5.916079783,66,196,262,119,114,233,68,21,89,1.55,2.96,4.51,283.3,111.85,395.15,205,185,390
3106,NiCl2,0,8,Ni,Ni,2.828427125,55,55,110,110,110,220,49,49,98,1.91,1.91,3.82,430.1,430.1,860.2,197,197,394
3114,PtO2,0,9,Pt,O,2.828427125,60,135,195,123,63,186,48,5.3,53.3,2.2,3.44,5.64,565.7,249.229,814.929,213,152,365
3118,RhF2,1,8,Rh,Cl,3.872983346,66.5,181,247.5,125,99,224,66,14.6,80.6,2.28,3.16,5.44,556,121.302,677.302,210,175,385
3121,RuS2,0,7,Ru,Ru,4.898979486,68,68,136,125,125,250,72,72,144,2.2,2.2,4.4,650.6,650.6,1301.2,213,213,426
3138,W2Te4,1,4,W,Te,4.898979486,66,221,287,137,136,273,68,38,106,1.7,2.1,3.8,851,196.6,1047.6,218,206,424
3146,Y2CO2,1,1,Y,O,1.732050808,90,135,225,163,63,226,162,5.3,167.3,1.22,3.44,4.66,424.7,249.229,673.929,232,152,384
3161,Ag2Cl6,1,10,Ag,Ag,1.732050808,67,67,134,128,128,256,55,55,110,1.93,1.93,3.86,284.9,284.9,569.8,211,211,422
3164,Cr2Cl6,1,5,Cr,Cl,6.92820323,73,181,254,122,99,221,83,14.6,97.6,1.66,3.16,4.82,397.48,121.302,518.782,206,175,381
3169,Ni2Cl6,1,8,Ni,Cl,2.828427125,55,181,236,110,99,209,49,14.6,63.6,1.91,3.16,5.07,430.1,121.302,551.402,197,175,372
3171,Pt2Cl6,1,9,Pt,Pt,2.828427125,60,60,120,123,123,246,48,48,96,2.2,2.2,4.4,565.7,565.7,1131.4,213,213,426
3174,Ta2Br6,1,3,Ta,Br,3.872983346,72,196,268,146,114,260,74,21,95,1.5,2.96,4.46,782,111.85,893.85,222,185,407
3203,VClI,0,3,V,P,3.872983346,79,44,123,134,111,245,87,25,112,1.63,2.19,3.82,515.5,316.5,832,207,180,387
3204,Mn2Cl2Se2,1,5,Mn,Cl,5.916079783,66,181,247,119,99,218,68,14.6,82.6,1.55,3.16,4.71,283.3,121.302,404.602,205,175,380
3208,Ti4Cl4S4,1,2,Ti,Cl,2.828427125,86,181,267,136,99,235,100,14.6,114.6,1.54,3.16,4.7,473,121.302,594.302,211,175,386
3216,Ru2I2O2,0,7,Ru,Ru,4.898979486,68,68,136,125,125,250,72,72,144,2.2,2.2,4.4,650.6,650.6,1301.2,213,213,426
3218,W2I2S2,1,4,W,S,4.898979486,66,184,250,137,103,240,68,19.4,87.4,1.7,2.58,4.28,851,277.17,1128.17,218,180,398
3219,Zr4I4Se4,1,2,Zr,I,2.828427125,59,220,279,154,133,287,112,32.9,144.9,1.33,2.66,3.99,610,106.757,716.757,223,198,421
3246,CoCl2O8,1,7,Co,Co,3.872983346,58,58,116,111,111,222,55,55,110,1.88,1.88,3.76,426.7,426.7,853.4,200,200,400
3247,Cu2Ge2O6,1,10,Cu,S,1.732050808,46,184,230,112,103,215,46.5,19.4,65.9,1.9,2.58,4.48,337.4,277.17,614.57,196,180,376
3248,Fe2Ga2S5,0,6,Fe,Ga,4.898979486,63,47,110,116,124,240,62,50,112,1.83,1.81,3.64,415.5,271.96,687.46,204,187,391
3274,Mn3C2O2,1,5,Mn,S,5.916079783,66,184,250,119,103,222,68,19.4,87.4,1.55,2.58,4.13,283.3,277.17,560.47,205,180,385
3278,Hf3C2,0,2,Hf,C,2.828427125,58,-8,50,152,75,227,103,11.3,114.3,1.3,2.55,3.85,618.4,716.87,1335.27,223,170,393
3283,Mn4C3,1,5,Mn,Br,5.916079783,66,196,262,119,114,233,68,21,89,1.55,2.96,4.51,283.3,111.85,395.15,205,185,390
3284,Sc4N3,0,1,Sc,Sc,1.732050808,74.5,74.5,149,148,148,296,97,97,194,1.36,1.36,2.72,377.8,377.8,755.6,215,215,430
3295,Ca2I2,1,0,Ca,I,0,100,220,320,171,133,304,160.8,32.9,193.7,1,2.66,3.66,177.8,106.757,284.557,231,198,429
3296,Co2Cl2,1,7,Co,Co,3.872983346,58,58,116,111,111,222,55,55,110,1.88,1.88,3.76,426.7,426.7,853.4,200,200,400
3300,Co2F2,1,7,Co,S,3.872983346,58,184,242,111,103,214,55,19.4,74.4,1.88,2.58,4.46,426.7,277.17,703.87,200,180,380
3301,Co2Se2,0,7,Co,Co,3.872983346,58,58,116,111,111,222,55,55,110,1.88,1.88,3.76,426.7,426.7,853.4,200,200,400
3304,Ni2F2,1,8,Ni,Cl,2.828427125,55,181,236,110,99,209,49,14.6,63.6,1.91,3.16,5.07,430.1,121.302,551.402,197,175,372
3307,Fe2Se2,1,6,Fe,Se,4.898979486,63,198,261,116,116,232,62,28.9,90.9,1.83,2.55,4.38,415.5,227.2,642.7,204,190,394
3312,Ni2I2,0,8,Ni,Ni,2.828427125,55,55,110,110,110,220,49,49,98,1.91,1.91,3.82,430.1,430.1,860.2,197,197,394
3317,Mn2S2,0,5,Mn,Mn,5.916079783,66,66,132,119,119,238,68,68,136,1.55,1.55,3.1,283.3,283.3,566.6,205,205,410
3349,CoO2,1,7,Co,Te,3.872983346,58,221,279,111,136,247,55,38,93,1.88,2.1,3.98,426.7,196.6,623.3,200,206,406
3351,CrLi2,0,5,Cr,Li,6.92820323,73,59,132,122,133,255,83,164.1125,247.1125,1.66,0.98,2.64,397.48,159.3,556.78,206,182,388
3355,FeI2,0,6,Fe,Fe,4.898979486,63,63,126,116,116,232,62,62,124,1.83,1.83,3.66,415.5,415.5,831,204,204,408
3369,Mo2Br4,0,5,Mo,Mo,6.92820323,69,69,138,138,138,276,87,87,174,2.16,2.16,4.32,658.98,658.98,1317.96,217,217,434
3372,Ti2N,1,2,Ti,N,2.828427125,86,146,232,136,71,207,100,7.4,107.4,1.54,3.04,4.58,473,472.44,945.44,211,155,366
3382,PtBr2,1,9,Pt,Br,2.828427125,60,196,256,123,114,237,48,21,69,2.2,2.96,5.16,565.7,111.85,677.55,213,185,398
3400,TiI2,0,2,Ti,Ti,2.828427125,86,86,172,136,136,272,100,100,200,1.54,1.54,3.08,473,473,946,211,211,422
3403,VCl2,0,3,V,V,3.872983346,79,79,158,134,134,268,87,87,174,1.63,1.63,3.26,515.5,515.5,1031,207,207,414
3418,Mn2NO2,1,5,Mn,Mn,5.916079783,66,66,132,119,119,238,68,68,136,1.55,1.55,3.1,283.3,283.3,566.6,205,205,410
3428,GaNi5Br2,1,8,Ni,Br,2.828427125,55,196,251,110,114,224,49,21,70,1.91,2.96,4.87,430.1,111.85,541.95,197,185,382
3430,Ag2Cl6,1,10,Ag,Cl,1.732050808,67,181,248,128,99,227,55,14.6,69.6,1.93,3.16,5.09,284.9,121.302,406.202,211,175,386
3433,Cr2I6,1,5,Cr,I,6.92820323,73,220,293,122,133,255,83,32.9,115.9,1.66,2.66,4.32,397.48,106.757,504.237,206,198,404
3438,Ni2Cl6,1,8,Ni,Cl,2.828427125,55,181,236,110,99,209,49,14.6,63.6,1.91,3.16,5.07,430.1,121.302,551.402,197,175,372
3440,Pt2Cl6,1,9,Pt,Cl,2.828427125,60,181,241,123,99,222,48,14.6,62.6,2.2,3.16,5.36,565.7,121.302,687.002,213,175,388
3446,Zr2Br6,1,2,Zr,Zr,2.828427125,59,59,118,154,154,308,112,112,224,1.33,1.33,2.66,610,610,1220,223,223,446
3462,Hg2Br2O2,1,10,Hg,Br,0,97,196,293,133,114,247,33.91,21,54.91,1.9,2.96,4.86,61.38,111.85,173.23,223,185,408
3471,Hf4Cl4Se4,1,2,Hf,Cl,2.828427125,58,181,239,152,99,251,103,14.6,117.6,1.3,3.16,4.46,618.4,121.302,739.702,223,175,398
3478,Zr4Cl4Se4,1,2,Zr,Cl,2.828427125,59,181,240,154,99,253,112,14.6,126.6,1.33,3.16,4.49,610,121.302,731.302,223,175,398
3488,Li2Mn2P2,0,5,Mn,Li,5.916079783,66,59,125,119,133,252,68,164.1125,232.1125,1.55,0.98,2.53,283.3,159.3,442.6,205,182,387
3503,NiZrI6,1,8,Ni,I,2.828427125,55,220,275,110,133,243,49,32.9,81.9,1.91,2.66,4.57,430.1,106.757,536.857,197,198,395
3506,Fe2Se2,0,6,Fe,Fe,4.898979486,63,63,126,116,116,232,62,62,124,1.83,1.83,3.66,415.5,415.5,831,204,204,408
3508,Mn2Se2,0,5,Mn,Mn,5.916079783,66,66,132,119,119,238,68,68,136,1.55,1.55,3.1,283.3,283.3,566.6,205,205,410
3510,Ru2F8,0,7,Ru,Ru,4.898979486,68,68,136,125,125,250,72,72,144,2.2,2.2,4.4,650.6,650.6,1301.2,213,213,426
3511,V2F8,0,3,V,V,3.872983346,79,79,158,134,134,268,87,87,174,1.63,1.63,3.26,515.5,515.5,1031,207,207,414
3517,Cu2I4O12,1,10,Cu,I,1.732050808,46,220,266,112,133,245,46.5,32.9,79.4,1.9,2.66,4.56,337.4,106.757,444.157,196,198,394
3518,Fe2Ta2Te6,1,6,Fe,Te,4.898979486,63,221,284,116,136,252,62,38,100,1.83,2.1,3.93,415.5,196.6,612.1,204,206,410
3532,Cu2PtC6N8,1,10,Cu,Se,1.732050808,46,198,244,112,116,228,46.5,28.9,75.4,1.9,2.55,4.45,337.4,227.2,564.6,196,190,386
3541,Mn3H2N2O2,1,5,Mn,N,5.916079783,66,146,212,119,71,190,68,7.4,75.4,1.55,3.04,4.59,283.3,472.44,755.74,205,155,360
3542,Cr3C2F2,0,5,Cr,C,6.92820323,73,-8,65,122,75,197,83,11.3,94.3,1.66,2.55,4.21,397.48,716.87,1114.35,206,170,376
3546,Mn4H2N3O2,1,5,Mn,N,5.916079783,66,146,212,119,71,190,68,7.4,75.4,1.55,3.04,4.59,283.3,472.44,755.74,205,155,360
3547,Mn3C2,1,5,Mn,S,5.916079783,66,184,250,119,103,222,68,19.4,87.4,1.55,2.58,4.13,283.3,277.17,560.47,205,180,385
3548,Sc3N2,0,1,Sc,Sc,1.732050808,74.5,74.5,149,148,148,296,97,97,194,1.36,1.36,2.72,377.8,377.8,755.6,215,215,430
3551,Cr4N3O2,0,5,Cr,Cr,6.92820323,73,73,146,122,122,244,83,83,166,1.66,1.66,3.32,397.48,397.48,794.96,206,206,412
3565,Cr2Cl2,1,5,Cr,Cr,6.92820323,73,73,146,122,122,244,83,83,166,1.66,1.66,3.32,397.48,397.48,794.96,206,206,412
3569,Co2F2,1,7,Co,S,3.872983346,58,184,242,111,103,214,55,19.4,74.4,1.88,2.58,4.46,426.7,277.17,703.87,200,180,380
3572,Fe2F2,1,6,Fe,Cl,4.898979486,63,181,244,116,99,215,62,14.6,76.6,1.83,3.16,4.99,415.5,121.302,536.802,204,175,379
3573,Ni2F2,0,8,Ni,F,2.828427125,55,128.5,183.5,110,64,174,49,3.74,52.74,1.91,3.98,5.89,430.1,79.335,509.435,197,147,344
3576,Fe2Te2,0,6,Fe,Fe,4.898979486,63,63,126,116,116,232,62,62,124,1.83,1.83,3.66,415.5,415.5,831,204,204,408
3581,Ni2I2,1,8,Ni,I,2.828427125,55,220,275,110,133,243,49,32.9,81.9,1.91,2.66,4.57,430.1,106.757,536.857,197,198,395
3589,Ni2Se2,1,8,Ni,Ni,2.828427125,55,55,110,110,110,220,49,49,98,1.91,1.91,3.82,430.1,430.1,860.2,197,197,394
3611,AuO2,1,10,Au,O,1.732050808,137,135,272,124,63,187,36,5.3,41.3,2.4,3.44,5.84,368.2,249.229,617.429,214,152,366
3617,CoBr2,0,7,Co,Co,3.872983346,58,58,116,111,111,222,55,55,110,1.88,1.88,3.76,426.7,426.7,853.4,200,200,400
3618,Co2S4,0,7,Co,Si,3.872983346,58,26,84,111,116,227,55,37.3,92.3,1.88,1.9,3.78,426.7,450,876.7,200,210,410
3621,Cr2Te4,0,5,Cr,P,6.92820323,73,44,117,122,111,233,83,25,108,1.66,2.19,3.85,397.48,316.5,713.98,206,180,386
3625,Fe2Te4,0,6,Fe,Fe,4.898979486,63,63,126,116,116,232,62,62,124,1.83,1.83,3.66,415.5,415.5,831,204,204,408
3631,HgO2,1,10,Hg,O,0,97,135,232,133,63,196,33.91,5.3,39.21,1.9,3.44,5.34,61.38,249.229,310.609,223,152,375
3634,IrO2,0,7,Ir,Ir,3.872983346,68,68,136,122,122,244,54,54,108,2.2,2.2,4.4,669,669,1338,213,213,426
3636,MnBr2,1,5,Mn,Br,5.916079783,66,196,262,119,114,233,68,21,89,1.55,2.96,4.51,283.3,111.85,395.15,205,185,390
3640,Mo2Te4,0,5,Mo,Mo,6.92820323,69,69,138,138,138,276,87,87,174,2.16,2.16,4.32,658.98,658.98,1317.96,217,217,434
3644,NiF2,0,8,Ni,F,2.828427125,55,128.5,183.5,110,64,174,49,3.74,52.74,1.91,3.98,5.89,430.1,79.335,509.435,197,147,344
3669,TiI2,1,2,Ti,I,2.828427125,86,220,306,136,133,269,100,32.9,132.9,1.54,2.66,4.2,473,106.757,579.757,211,198,409
3672,VCl2,1,3,V,Cl,3.872983346,79,181,260,134,99,233,87,14.6,101.6,1.63,3.16,4.79,515.5,121.302,636.802,207,175,382
3686,MnH2O2,0,5,Mn,H,5.916079783,66,-38,28,119,32,151,68,4.50711,72.50711,1.55,2.2,3.75,283.3,217.998,501.298,205,110,315
3694,Cr2H2NO2,1,5,Cr,O,6.92820323,73,135,208,122,63,185,83,5.3,88.3,1.66,3.44,5.1,397.48,249.229,646.709,206,152,358
3702,Cr2Te6,1,5,Cr,Cr,6.92820323,73,73,146,122,122,244,83,83,166,1.66,1.66,3.32,397.48,397.48,794.96,206,206,412
3707,Ni2I6,1,8,Ni,I,2.828427125,55,220,275,110,133,243,49,32.9,81.9,1.91,2.66,4.57,430.1,106.757,536.857,197,198,395
3709,Pt2I6,1,9,Pt,I,2.828427125,60,220,280,123,133,256,48,32.9,80.9,2.2,2.66,4.86,565.7,106.757,672.457,213,198,411
3712,Ta2Cl6,1,3,Ta,Cl,3.872983346,72,181,253,146,99,245,74,14.6,88.6,1.5,3.16,4.66,782,121.302,903.302,222,175,397
3714,V2Te6,1,3,V,V,3.872983346,79,79,158,134,134,268,87,87,174,1.63,1.63,3.26,515.5,515.5,1031,207,207,414
3715,Zr2Br6,1,2,Zr,Br,2.828427125,59,196,255,154,114,268,112,21,133,1.33,2.96,4.29,610,111.85,721.85,223,185,408
3729,CrBrI,0,5,Cr,Si,6.92820323,73,26,99,122,116,238,83,37.3,120.3,1.66,1.9,3.56,397.48,450,847.48,206,210,416
3749,Fe2Li2Sb2,1,6,Fe,Se,4.898979486,63,198,261,116,116,232,62,28.9,90.9,1.83,2.55,4.38,415.5,227.2,642.7,204,190,394
3752,Mo2I2S2,1,5,Mo,I,6.92820323,69,220,289,138,133,271,87,32.9,119.9,2.16,2.66,4.82,658.98,106.757,765.737,217,198,415
3756,Zr4I4S4,1,2,Zr,I,2.828427125,59,220,279,154,133,287,112,32.9,144.9,1.33,2.66,3.99,610,106.757,716.757,223,198,421
3774,Fe2O4,1,6,Fe,N,4.898979486,63,146,209,116,71,187,62,7.4,69.4,1.83,3.04,4.87,415.5,472.44,887.94,204,155,359
3783,Ca2Mn2Ge2,0,5,Ca,Ge,0,100,73,173,171,121,292,160.8,40,200.8,1,2.01,3.01,177.8,372,549.8,231,211,442
3784,CoRe2O8,0,7,Co,Re,3.872983346,58,63,121,111,131,242,55,62,117,1.88,1.9,3.78,426.7,774,1200.7,200,216,416
3786,Fe3GeTe2,1,6,Fe,Te,4.898979486,63,221,284,116,136,252,62,38,100,1.83,2.1,3.93,415.5,196.6,612.1,204,206,410
3789,Li2V4O10,1,3,V,O,3.872983346,79,135,214,134,63,197,87,5.3,92.3,1.63,3.44,5.07,515.5,249.229,764.729,207,152,359
3814,Cr4C3H2O2,0,5,Cr,H,6.92820323,73,-38,35,122,32,154,83,4.50711,87.50711,1.66,2.2,3.86,397.48,217.998,615.478,206,110,316
3831,Sc2Br2,1,1,Sc,Br,1.732050808,74.5,196,270.5,148,114,262,97,21,118,1.36,2.96,4.32,377.8,111.85,489.65,215,185,400
3832,Y2Br2,1,1,Y,Y,1.732050808,90,90,180,163,163,326,162,162,324,1.22,1.22,2.44,424.7,424.7,849.4,232,232,464
3838,Co2I2,1,7,Co,I,3.872983346,58,220,278,111,133,244,55,32.9,87.9,1.88,2.66,4.54,426.7,106.757,533.457,200,198,398
3841,Fe2F2,1,6,Fe,S,4.898979486,63,184,247,116,103,219,62,19.4,81.4,1.83,2.58,4.41,415.5,277.17,692.67,204,180,384
3843,Sc2F2,1,1,Sc,Sc,1.732050808,74.5,74.5,149,148,148,296,97,97,194,1.36,1.36,2.72,377.8,377.8,755.6,215,215,430
3845,Fe2Te2,1,6,Fe,Te,4.898979486,63,221,284,116,136,252,62,38,100,1.83,2.1,3.93,415.5,196.6,612.1,204,206,410
3871,Sc2Te2,1,1,Sc,Sc,1.732050808,74.5,74.5,149,148,148,296,97,97,194,1.36,1.36,2.72,377.8,377.8,755.6,215,215,430
3877,AgO2,1,10,Ag,Se,1.732050808,67,198,265,128,116,244,55,28.9,83.9,1.93,2.55,4.48,284.9,227.2,512.1,211,190,401
3886,CoBr2,1,7,Co,Br,3.872983346,58,196,254,111,114,225,55,21,76,1.88,2.96,4.84,426.7,111.85,538.55,200,185,385
3888,Bi2Cr,1,5,Cr,Se,6.92820323,73,198,271,122,116,238,83,28.9,111.9,1.66,2.55,4.21,397.48,227.2,624.68,206,190,396
3889,CrO2,0,5,Cr,Cr,6.92820323,73,73,146,122,122,244,83,83,166,1.66,1.66,3.32,397.48,397.48,794.96,206,206,412
3890,CrTe2,1,5,Cr,Te,6.92820323,73,221,294,122,136,258,83,38,121,1.66,2.1,3.76,397.48,196.6,594.08,206,206,412
3893,FeLi2,0,6,Fe,Li,4.898979486,63,59,122,116,133,249,62,164.1125,226.1125,1.83,0.98,2.81,415.5,159.3,574.8,204,182,386
3894,FeTe2,1,6,Fe,Te,4.898979486,63,221,284,116,136,252,62,38,100,1.83,2.1,3.93,415.5,196.6,612.1,204,206,410
3905,MnBr2,0,5,Mn,Mn,5.916079783,66,66,132,119,119,238,68,68,136,1.55,1.55,3.1,283.3,283.3,566.6,205,205,410
3944,W2S4,1,4,W,S,4.898979486,66,184,250,137,103,240,68,19.4,87.4,1.7,2.58,4.28,851,277.17,1128.17,218,180,398
3954,CoH2O2,0,7,Co,H,3.872983346,58,-38,20,111,32,143,55,4.50711,59.50711,1.88,2.2,4.08,426.7,217.998,644.698,200,110,310
3969,Au2Br6,1,10,Au,Br,1.732050808,137,196,333,124,114,238,36,21,57,2.4,2.96,5.36,368.2,111.85,480.05,214,185,399
3974,Mn2Br6,1,5,Mn,Mn,5.916079783,66,66,132,119,119,238,68,68,136,1.55,1.55,3.1,283.3,283.3,566.6,205,205,410
3976,Ni2I6,1,8,Ni,I,2.828427125,55,220,275,110,133,243,49,32.9,81.9,1.91,2.66,4.57,430.1,106.757,536.857,197,198,395
3981,Ta2I6,1,3,Ta,I,3.872983346,72,220,292,146,133,279,74,32.9,106.9,1.5,2.66,4.16,782,106.757,888.757,222,198,420
3984,Zr2Cl6,1,2,Zr,Cl,2.828427125,59,181,240,154,99,253,112,14.6,126.6,1.33,3.16,4.49,610,121.302,731.302,223,175,398
3998,CrBrI,0,5,Cr,Cr,6.92820323,73,73,146,122,122,244,83,83,166,1.66,1.66,3.32,397.48,397.48,794.96,206,206,412
4009,Hg2Cl2O2,1,10,Hg,Cl,0,97,181,278,133,99,232,33.91,14.6,48.51,1.9,3.16,5.06,61.38,121.302,182.682,223,175,398
4015,Zr4Cl4S4,1,2,Zr,Zr,2.828427125,59,59,118,154,154,308,112,112,224,1.33,1.33,2.66,610,610,1220,223,223,446
4020,Hg2I2O2,1,10,Hg,I,0,97,220,317,133,133,266,33.91,32.9,66.81,1.9,2.66,4.56,61.38,106.757,168.137,223,198,421
4033,Cr2P2S6,0,5,Cr,P,6.92820323,73,44,117,122,111,233,83,25,108,1.66,2.19,3.85,397.48,316.5,713.98,206,180,386
4035,Ni2P2S6,0,8,Ni,P,2.828427125,55,44,99,110,111,221,49,25,74,1.91,2.19,4.1,430.1,316.5,746.6,197,180,377
