ACSF_1,ACSF_2,ACSF_3,ACSF_4,ACSF_5,ACSF_6,ACSF_7,ACSF_8,ACSF_9,ACSF_10,ACSF_11,ACSF_12,ACSF_13,ACSF_14,ACSF_15,ACSF_16,ACSF_17,ACSF_18,ACSF_19,ACSF_20
4.542,0.05,0.713,2.534,3.308,0.354,2.121,2.5,0.0,0.0,0.0,0.0,0.0,0.0,0.0,0.0,0.0,0.0,0.0,0.0
1.211,0.016,0.305,0.797,0.369,0.0,0.0,0.0,1.529,0.011,0.339,1.452,0.0,0.0,0.0,0.0,0.0,0.0,0.0,0.0
0.833,0.05,0.527,0.751,1.803,0.62,1.799,0.709,1.238,0.002,0.092,0.614,0.0,0.0,0.0,0.0,0.0,0.0,0.0,0.0
2.898,0.197,1.369,1.354,0.819,0.032,0.431,0.787,0.892,0.0,0.008,0.195,0.0,0.0,0.0,0.0,0.0,0.0,0.0,0.0
0.814,0.027,0.401,0.793,1.4,0.097,0.683,0.679,1.462,0.003,0.168,1.172,0.0,0.0,0.0,0.0,0.0,0.0,0.0,0.0
2.135,0.024,0.373,0.809,0.502,0.0,0.0,0.01,0.881,0.0,0.002,0.083,0.0,0.0,0.0,0.0,0.0,0.0,0.0,0.0
3.286,0.234,1.969,2.736,3.336,0.848,2.652,1.378,2.949,0.296,1.567,1.316,2.228,0.019,0.477,1.825,0.0,0.0,0.0,0.0
1.59,0.36,0.932,0.663,1.249,0.256,0.881,0.411,1.413,0.035,0.449,0.863,0.0,0.0,0.0,0.0,0.0,0.0,0.0,0.0
2.512,0.582,1.848,1.252,1.1,0.003,0.122,0.663,2.102,0.041,0.699,1.605,0.0,0.0,0.0,0.0,0.0,0.0,0.0,0.0
1.431,0.074,0.621,0.767,0.373,0.0,0.0,0.0,0.0,0.0,0.0,0.0,0.0,0.0,0.0,0.0,0.0,0.0,0.0,0.0
1.11,0.0,0.001,0.079,0.334,0.0,0.0,0.0,0.0,0.0,0.0,0.0,0.0,0.0,0.0,0.0,0.0,0.0,0.0,0.0
0.616,0.0,0.004,0.127,1.716,0.203,1.386,1.284,0.0,0.0,0.0,0.0,0.0,0.0,0.0,0.0,0.0,0.0,0.0,0.0
1.383,0.064,0.583,0.748,0.549,0.0,0.0,0.032,0.0,0.0,0.0,0.0,0.0,0.0,0.0,0.0,0.0,0.0,0.0,0.0
0.847,0.074,0.619,0.697,1.69,0.141,1.211,1.413,0.0,0.0,0.0,0.0,0.0,0.0,0.0,0.0,0.0,0.0,0.0,0.0
0.672,0.0,0.02,0.31,3.155,0.347,2.174,1.892,0.0,0.0,0.0,0.0,0.0,0.0,0.0,0.0,0.0,0.0,0.0,0.0
0.738,0.002,0.099,0.62,3.195,0.068,1.267,3.19,0.0,0.0,0.0,0.0,0.0,0.0,0.0,0.0,0.0,0.0,0.0,0.0
3.483,1.462,2.718,1.17,0.783,0.01,0.24,0.777,0.0,0.0,0.0,0.0,0.0,0.0,0.0,0.0,0.0,0.0,0.0,0.0
0.635,0.0,0.007,0.176,3.074,0.244,1.92,2.066,0.0,0.0,0.0,0.0,0.0,0.0,0.0,0.0,0.0,0.0,0.0,0.0
3.642,1.524,3.626,1.168,0.832,0.048,0.515,0.756,0.0,0.0,0.0,0.0,0.0,0.0,0.0,0.0,0.0,0.0,0.0,0.0
2.071,0.008,0.295,1.439,5.175,0.203,1.805,2.609,0.0,0.0,0.0,0.0,0.0,0.0,0.0,0.0,0.0,0.0,0.0,0.0
0.644,0.0,0.009,0.206,3.083,0.245,1.925,2.068,0.0,0.0,0.0,0.0,0.0,0.0,0.0,0.0,0.0,0.0,0.0,0.0
3.253,0.431,2.332,1.891,0.748,0.003,0.121,0.662,0.0,0.0,0.0,0.0,0.0,0.0,0.0,0.0,0.0,0.0,0.0,0.0
3.334,0.201,2.111,3.002,0.745,0.003,0.115,0.651,0.0,0.0,0.0,0.0,0.0,0.0,0.0,0.0,0.0,0.0,0.0,0.0
0.659,0.0,0.014,0.257,3.003,0.117,1.418,2.34,0.0,0.0,0.0,0.0,0.0,0.0,0.0,0.0,0.0,0.0,0.0,0.0
1.553,0.0,0.008,0.244,0.997,0.012,0.265,0.787,0.0,0.0,0.0,0.0,0.0,0.0,0.0,0.0,0.0,0.0,0.0,0.0
0.582,0.0,0.001,0.066,2.72,0.234,1.459,1.368,0.0,0.0,0.0,0.0,0.0,0.0,0.0,0.0,0.0,0.0,0.0,0.0
3.158,0.98,0.576,1.715,2.402,0.08,1.071,2.239,1.553,0.236,0.885,0.706,0.0,0.0,0.0,0.0,0.0,0.0,0.0,0.0
0.897,0.276,0.89,0.388,1.626,0.268,0.971,0.986,0.809,0.024,0.373,0.797,0.0,0.0,0.0,0.0,0.0,0.0,0.0,0.0
1.413,0.033,0.441,0.868,0.895,0.267,0.886,0.398,1.629,0.251,0.973,1.032,0.811,0.025,0.385,0.796,0.0,0.0,0.0,0.0
1.314,0.138,0.765,0.576,3.027,0.163,1.354,2.02,0.852,0.085,0.651,0.675,0.0,0.0,0.0,0.0,0.0,0.0,0.0,0.0
4.563,0.239,1.906,2.069,1.361,0.0,0.016,0.389,0.195,0.0,0.0,0.0,0.0,0.0,0.0,0.0,0.0,0.0,0.0,0.0
4.33,0.321,2.549,2.78,0.69,0.0,0.032,0.39,0.0,0.0,0.0,0.0,0.0,0.0,0.0,0.0,0.0,0.0,0.0,0.0
0.693,0.0,0.033,0.399,5.105,0.499,3.876,4.073,0.0,0.0,0.0,0.0,0.0,0.0,0.0,0.0,0.0,0.0,0.0,0.0
4.577,0.631,3.184,2.308,0.74,0.002,0.102,0.627,0.0,0.0,0.0,0.0,0.0,0.0,0.0,0.0,0.0,0.0,0.0,0.0
4.33,0.232,2.244,3.013,0.715,0.001,0.059,0.51,0.0,0.0,0.0,0.0,0.0,0.0,0.0,0.0,0.0,0.0,0.0,0.0
4.369,0.302,2.493,2.854,0.712,0.001,0.054,0.492,0.0,0.0,0.0,0.0,0.0,0.0,0.0,0.0,0.0,0.0,0.0,0.0
1.504,0.34,0.908,0.417,0.805,0.021,0.352,0.799,1.228,0.0,0.022,0.357,0.0,0.0,0.0,0.0,0.0,0.0,0.0,0.0
1.651,0.079,0.951,1.545,0.7,0.0,0.04,0.434,1.642,0.069,0.892,1.565,0.0,0.0,0.0,0.0,0.0,0.0,0.0,0.0
1.694,0.149,1.24,1.394,0.669,0.0,0.018,0.298,1.341,0.028,0.402,0.812,0.0,0.0,0.0,0.0,0.0,0.0,0.0,0.0
1.629,0.056,0.811,1.585,1.725,0.23,1.447,1.231,0.832,0.049,0.521,0.754,0.0,0.0,0.0,0.0,0.0,0.0,0.0,0.0
1.342,0.0,0.043,0.62,0.7,0.0,0.04,0.433,4.354,0.336,2.583,2.771,0.0,0.0,0.0,0.0,0.0,0.0,0.0,0.0
1.386,0.001,0.067,0.802,0.188,0.0,0.0,0.0,5.093,0.472,3.796,4.13,0.0,0.0,0.0,0.0,0.0,0.0,0.0,0.0
0.841,0.0,0.001,0.064,2.47,0.214,1.408,1.307,0.0,0.0,0.0,0.0,0.0,0.0,0.0,0.0,0.0,0.0,0.0,0.0
3.367,0.012,0.451,2.488,1.541,0.108,0.733,0.978,0.0,0.0,0.0,0.0,0.0,0.0,0.0,0.0,0.0,0.0,0.0,0.0
3.355,0.748,2.631,1.612,0.755,0.004,0.141,0.692,0.0,0.0,0.0,0.0,0.0,0.0,0.0,0.0,0.0,0.0,0.0,0.0
1.958,0.001,0.055,0.764,5.027,0.28,2.014,2.159,1.025,0.0,0.004,0.134,0.0,0.0,0.0,0.0,0.0,0.0,0.0,0.0
4.816,1.446,3.63,1.391,0.0,0.0,0.0,0.0,0.655,0.0,0.012,0.244,0.0,0.0,0.0,0.0,0.0,0.0,0.0,0.0
0.616,0.0,0.004,0.127,2.625,0.12,1.138,1.468,0.734,0.0,0.001,0.061,0.0,0.0,0.0,0.0,0.0,0.0,0.0,0.0
6.301,1.556,3.125,3.007,1.561,0.021,0.477,1.522,0.465,0.0,0.0,0.003,0.0,0.0,0.0,0.0,0.0,0.0,0.0,0.0
4.454,0.473,2.198,2.934,1.371,0.003,0.133,0.813,0.608,0.0,0.003,0.109,0.0,0.0,0.0,0.0,0.0,0.0,0.0,0.0
2.778,0.293,0.904,0.587,0.994,0.001,0.079,0.573,1.561,0.0,0.005,0.186,0.918,0.001,0.056,0.501,0.0,0.0,0.0,0.0
2.892,0.035,0.693,2.193,3.087,0.076,1.122,2.632,2.056,0.026,0.512,1.522,2.696,0.391,0.928,0.677,0.0,0.0,0.0,0.0
4.679,0.091,0.807,1.524,4.1,1.011,1.295,0.923,1.238,0.022,0.358,0.798,1.628,0.044,0.5,0.764,1.08,0.27,0.888,0.395
0.78,0.0,0.001,0.059,2.511,0.553,1.84,1.299,1.055,0.001,0.068,0.542,2.14,0.052,0.779,1.605,0.0,0.0,0.0,0.0
2.334,0.298,1.019,1.406,1.075,0.002,0.096,0.615,1.912,0.02,0.352,0.967,0.0,0.0,0.0,0.0,0.0,0.0,0.0,0.0
1.714,0.199,1.379,1.29,0.629,0.0,0.006,0.159,0.0,0.0,0.0,0.0,0.0,0.0,0.0,0.0,0.0,0.0,0.0,0.0
1.814,0.7,1.812,0.635,0.83,0.045,0.503,0.762,0.0,0.0,0.0,0.0,0.0,0.0,0.0,0.0,0.0,0.0,0.0,0.0
1.526,0.01,0.332,1.444,0.406,0.0,0.0,0.0,0.0,0.0,0.0,0.0,0.0,0.0,0.0,0.0,0.0,0.0,0.0,0.0
1.661,0.092,1.015,1.52,0.549,0.0,0.0,0.032,0.0,0.0,0.0,0.0,0.0,0.0,0.0,0.0,0.0,0.0,0.0,0.0
1.682,0.126,1.159,1.445,0.569,0.0,0.001,0.05,0.0,0.0,0.0,0.0,0.0,0.0,0.0,0.0,0.0,0.0,0.0,0.0
1.577,0.024,0.533,1.575,0.455,0.0,0.0,0.002,0.0,0.0,0.0,0.0,0.0,0.0,0.0,0.0,0.0,0.0,0.0,0.0
0.835,0.053,0.539,0.745,1.325,0.038,0.465,0.786,0.0,0.0,0.0,0.0,0.0,0.0,0.0,0.0,0.0,0.0,0.0,0.0
0.91,0.374,0.907,0.297,0.836,0.054,0.543,0.743,0.0,0.0,0.0,0.0,0.0,0.0,0.0,0.0,0.0,0.0,0.0,0.0
3.239,0.522,2.449,1.654,0.701,0.001,0.041,0.44,0.0,0.0,0.0,0.0,0.0,0.0,0.0,0.0,0.0,0.0,0.0,0.0
0.7,0.0,0.04,0.433,3.323,0.185,2.039,3.035,0.0,0.0,0.0,0.0,0.0,0.0,0.0,0.0,0.0,0.0,0.0,0.0
0.717,0.001,0.061,0.519,3.363,0.25,2.312,2.894,0.0,0.0,0.0,0.0,0.0,0.0,0.0,0.0,0.0,0.0,0.0,0.0
3.379,0.28,2.418,2.829,0.719,0.001,0.063,0.525,0.0,0.0,0.0,0.0,0.0,0.0,0.0,0.0,0.0,0.0,0.0,0.0
1.737,0.274,1.524,1.154,1.97,0.004,0.162,1.043,0.0,0.0,0.0,0.0,0.0,0.0,0.0,0.0,0.0,0.0,0.0,0.0
0.631,0.0,0.006,0.165,3.064,0.233,1.888,2.087,0.0,0.0,0.0,0.0,0.0,0.0,0.0,0.0,0.0,0.0,0.0,0.0
3.11,0.228,1.874,2.131,0.686,0.0,0.028,0.368,0.0,0.0,0.0,0.0,0.0,0.0,0.0,0.0,0.0,0.0,0.0,0.0
3.327,0.191,2.067,3.023,0.762,0.005,0.162,0.718,0.0,0.0,0.0,0.0,0.0,0.0,0.0,0.0,0.0,0.0,0.0,0.0
0.67,0.0,0.018,0.299,3.257,0.112,1.62,3.171,0.0,0.0,0.0,0.0,0.0,0.0,0.0,0.0,0.0,0.0,0.0,0.0
0.661,0.0,0.014,0.265,3.225,0.086,1.428,3.194,0.0,0.0,0.0,0.0,0.0,0.0,0.0,0.0,0.0,0.0,0.0,0.0
0.714,0.001,0.056,0.501,1.638,0.39,0.981,0.848,0.785,0.011,0.251,0.782,0.0,0.0,0.0,0.0,0.0,0.0,0.0,0.0
4.314,0.26,1.503,1.198,1.436,0.0,0.031,0.551,0.231,0.0,0.0,0.0,0.0,0.0,0.0,0.0,0.0,0.0,0.0,0.0
0.67,0.0,0.018,0.3,3.458,0.173,1.31,1.35,0.0,0.0,0.0,0.0,0.0,0.0,0.0,0.0,0.0,0.0,0.0,0.0
3.801,0.269,1.523,1.341,0.723,0.001,0.071,0.549,0.0,0.0,0.0,0.0,0.0,0.0,0.0,0.0,0.0,0.0,0.0,0.0
5.175,0.692,4.344,3.69,0.69,0.0,0.031,0.387,0.0,0.0,0.0,0.0,0.0,0.0,0.0,0.0,0.0,0.0,0.0,0.0
4.496,0.385,2.731,2.778,0.746,0.003,0.116,0.653,0.0,0.0,0.0,0.0,0.0,0.0,0.0,0.0,0.0,0.0,0.0,0.0
4.34,0.342,2.61,2.731,0.69,0.0,0.031,0.388,0.0,0.0,0.0,0.0,0.0,0.0,0.0,0.0,0.0,0.0,0.0,0.0
0.638,0.0,0.008,0.187,3.976,0.078,1.358,3.202,0.0,0.0,0.0,0.0,0.0,0.0,0.0,0.0,0.0,0.0,0.0,0.0
1.314,0.116,0.726,0.616,0.711,0.001,0.053,0.49,1.014,0.0,0.001,0.056,0.0,0.0,0.0,0.0,0.0,0.0,0.0,0.0
1.684,0.129,1.171,1.438,0.691,0.0,0.032,0.392,1.619,0.048,0.75,1.594,0.0,0.0,0.0,0.0,0.0,0.0,0.0,0.0
0.891,0.24,0.872,0.429,1.497,0.006,0.246,1.329,1.414,0.053,0.541,0.806,0.0,0.0,0.0,0.0,0.0,0.0,0.0,0.0
1.28,0.0,0.016,0.383,0.663,0.0,0.015,0.273,4.967,0.255,2.942,4.602,0.0,0.0,0.0,0.0,0.0,0.0,0.0,0.0
1.423,0.002,0.107,0.981,5.104,0.498,3.874,4.074,0.736,0.002,0.094,0.61,0.0,0.0,0.0,0.0,0.0,0.0,0.0,0.0
0.0,0.0,0.0,0.0,3.911,0.085,1.413,3.198,0.619,0.0,0.004,0.135,0.0,0.0,0.0,0.0,0.0,0.0,0.0,0.0
3.623,1.37,3.622,1.297,0.752,0.004,0.133,0.681,0.0,0.0,0.0,0.0,0.0,0.0,0.0,0.0,0.0,0.0,0.0,0.0
3.143,0.125,1.467,2.576,0.627,0.0,0.005,0.154,0.0,0.0,0.0,0.0,0.0,0.0,0.0,0.0,0.0,0.0,0.0,0.0
0.237,0.0,0.0,0.0,1.16,0.0,0.003,0.137,0.0,0.0,0.0,0.0,0.0,0.0,0.0,0.0,0.0,0.0,0.0,0.0
0.79,0.013,0.273,0.789,1.353,0.081,0.64,0.693,1.442,0.002,0.133,1.072,0.0,0.0,0.0,0.0,0.0,0.0,0.0,0.0
0.103,0.0,0.0,0.0,5.763,0.349,2.63,2.797,1.157,0.0,0.012,0.252,0.0,0.0,0.0,0.0,0.0,0.0,0.0,0.0
4.163,0.758,1.893,1.411,0.947,0.005,0.154,0.708,0.448,0.0,0.0,0.002,0.0,0.0,0.0,0.0,0.0,0.0,0.0,0.0
1.428,0.002,0.114,1.008,4.451,0.338,2.601,2.831,0.739,0.002,0.099,0.621,0.0,0.0,0.0,0.0,0.0,0.0,0.0,0.0
1.11,0.0,0.001,0.073,4.495,0.098,1.301,2.399,1.454,0.0,0.007,0.189,0.0,0.0,0.0,0.0,0.0,0.0,0.0,0.0
0.777,0.0,0.0,0.001,3.26,0.003,0.175,1.736,1.681,0.124,1.153,1.449,0.0,0.0,0.0,0.0,0.0,0.0,0.0,0.0
5.154,1.209,2.733,1.363,1.566,0.143,0.809,0.984,1.459,0.005,0.186,1.145,0.416,0.0,0.0,0.001,0.0,0.0,0.0,0.0
5.553,0.58,2.022,2.378,8.614,1.974,3.215,3.13,1.426,0.001,0.05,0.479,2.209,0.012,0.357,1.469,1.529,0.298,0.903,0.526
1.689,0.139,1.205,1.417,0.575,0.0,0.001,0.057,0.0,0.0,0.0,0.0,0.0,0.0,0.0,0.0,0.0,0.0,0.0,0.0
2.259,0.181,0.884,1.28,1.894,0.016,0.313,0.916,0.0,0.0,0.0,0.0,0.0,0.0,0.0,0.0,0.0,0.0,0.0,0.0
0.627,0.0,0.005,0.156,1.721,0.218,1.42,1.255,0.0,0.0,0.0,0.0,0.0,0.0,0.0,0.0,0.0,0.0,0.0,0.0
1.362,0.057,0.557,0.753,0.533,0.0,0.0,0.022,0.0,0.0,0.0,0.0,0.0,0.0,0.0,0.0,0.0,0.0,0.0,0.0
0.898,0.289,0.895,0.374,1.544,0.085,0.682,1.078,0.0,0.0,0.0,0.0,0.0,0.0,0.0,0.0,0.0,0.0,0.0,0.0
1.383,0.017,0.32,0.866,0.232,0.0,0.0,0.0,0.0,0.0,0.0,0.0,0.0,0.0,0.0,0.0,0.0,0.0,0.0,0.0
3.191,0.326,2.134,1.996,0.722,0.001,0.068,0.541,0.0,0.0,0.0,0.0,0.0,0.0,0.0,0.0,0.0,0.0,0.0,0.0
0.678,0.0,0.023,0.334,3.054,0.155,1.604,2.274,0.0,0.0,0.0,0.0,0.0,0.0,0.0,0.0,0.0,0.0,0.0,0.0
2.878,0.369,1.681,1.37,0.638,0.0,0.008,0.187,0.0,0.0,0.0,0.0,0.0,0.0,0.0,0.0,0.0,0.0,0.0,0.0
3.434,1.429,2.686,0.976,0.735,0.002,0.091,0.603,0.0,0.0,0.0,0.0,0.0,0.0,0.0,0.0,0.0,0.0,0.0,0.0
3.482,1.215,2.82,1.458,0.817,0.031,0.424,0.789,0.0,0.0,0.0,0.0,0.0,0.0,0.0,0.0,0.0,0.0,0.0,0.0
3.063,0.172,1.674,2.237,0.673,0.0,0.02,0.314,0.0,0.0,0.0,0.0,0.0,0.0,0.0,0.0,0.0,0.0,0.0,0.0
3.118,0.227,1.869,2.144,0.696,0.0,0.036,0.414,0.0,0.0,0.0,0.0,0.0,0.0,0.0,0.0,0.0,0.0,0.0,0.0
0.761,0.005,0.158,0.713,3.45,0.461,2.895,2.461,0.0,0.0,0.0,0.0,0.0,0.0,0.0,0.0,0.0,0.0,0.0,0.0
2.805,0.294,1.573,1.383,0.613,0.0,0.004,0.121,0.0,0.0,0.0,0.0,0.0,0.0,0.0,0.0,0.0,0.0,0.0,0.0
0.677,0.0,0.022,0.328,3.274,0.127,1.721,3.148,0.0,0.0,0.0,0.0,0.0,0.0,0.0,0.0,0.0,0.0,0.0,0.0
3.04,0.148,1.569,2.285,0.669,0.0,0.018,0.295,0.0,0.0,0.0,0.0,0.0,0.0,0.0,0.0,0.0,0.0,0.0,0.0
3.391,0.715,2.678,1.827,0.816,0.029,0.413,0.791,0.0,0.0,0.0,0.0,0.0,0.0,0.0,0.0,0.0,0.0,0.0,0.0
3.166,0.257,1.963,2.136,0.73,0.002,0.083,0.582,0.0,0.0,0.0,0.0,0.0,0.0,0.0,0.0,0.0,0.0,0.0,0.0
0.693,0.0,0.034,0.402,3.059,0.145,1.559,2.306,0.0,0.0,0.0,0.0,0.0,0.0,0.0,0.0,0.0,0.0,0.0,0.0
0.627,0.0,0.005,0.154,2.994,0.137,1.518,2.291,0.0,0.0,0.0,0.0,0.0,0.0,0.0,0.0,0.0,0.0,0.0,0.0
0.9,0.3,0.898,0.364,1.581,0.147,0.83,1.044,0.827,0.041,0.485,0.769,0.0,0.0,0.0,0.0,0.0,0.0,0.0,0.0
0.895,0.267,0.886,0.398,1.625,0.26,0.966,0.995,0.808,0.023,0.365,0.798,0.0,0.0,0.0,0.0,0.0,0.0,0.0,0.0
4.898,0.4,3.183,3.664,0.717,0.001,0.06,0.516,0.712,0.001,0.054,0.493,0.0,0.0,0.0,0.0,0.0,0.0,0.0,0.0
3.973,0.097,1.514,3.19,0.622,0.0,0.005,0.141,0.0,0.0,0.0,0.0,0.0,0.0,0.0,0.0,0.0,0.0,0.0,0.0
4.425,0.508,2.985,2.386,0.698,0.0,0.038,0.425,0.0,0.0,0.0,0.0,0.0,0.0,0.0,0.0,0.0,0.0,0.0,0.0
0.64,0.0,0.008,0.191,4.068,0.138,1.788,3.135,0.0,0.0,0.0,0.0,0.0,0.0,0.0,0.0,0.0,0.0,0.0,0.0
4.336,0.301,2.487,2.832,0.698,0.0,0.039,0.427,0.0,0.0,0.0,0.0,0.0,0.0,0.0,0.0,0.0,0.0,0.0,0.0
5.085,0.455,3.742,4.167,0.654,0.0,0.012,0.238,0.0,0.0,0.0,0.0,0.0,0.0,0.0,0.0,0.0,0.0,0.0,0.0
0.64,0.0,0.008,0.191,4.815,0.115,2.019,4.793,0.0,0.0,0.0,0.0,0.0,0.0,0.0,0.0,0.0,0.0,0.0,0.0
1.816,0.725,1.811,0.615,1.254,0.0,0.034,0.442,0.807,0.022,0.363,0.798,0.0,0.0,0.0,0.0,0.0,0.0,0.0,0.0
0.682,0.0,0.026,0.353,1.699,0.161,1.274,1.37,1.396,0.081,0.639,0.714,0.0,0.0,0.0,0.0,0.0,0.0,0.0,0.0
1.517,0.369,0.91,0.41,0.792,0.014,0.283,0.792,1.524,0.118,0.743,0.873,0.0,0.0,0.0,0.0,0.0,0.0,0.0,0.0
1.359,0.0,0.048,0.682,0.705,0.001,0.045,0.458,5.026,0.342,3.339,4.414,0.0,0.0,0.0,0.0,0.0,0.0,0.0,0.0
0.0,0.0,0.0,0.0,4.232,0.281,2.421,2.849,0.68,0.0,0.024,0.342,0.0,0.0,0.0,0.0,0.0,0.0,0.0,0.0
2.565,0.308,1.564,1.191,0.908,0.0,0.003,0.121,0.0,0.0,0.0,0.0,0.0,0.0,0.0,0.0,0.0,0.0,0.0,0.0
2.231,0.072,0.908,1.631,3.219,0.002,0.156,1.653,0.0,0.0,0.0,0.0,0.0,0.0,0.0,0.0,0.0,0.0,0.0,0.0
4.858,0.985,3.45,2.171,3.102,0.032,0.846,3.036,0.753,0.004,0.135,0.683,0.0,0.0,0.0,0.0,0.0,0.0,0.0,0.0
7.195,1.144,3.757,2.782,0.111,0.0,0.0,0.0,2.531,0.055,0.8,1.592,0.0,0.0,0.0,0.0,0.0,0.0,0.0,0.0
0.854,0.0,0.028,0.371,0.711,0.001,0.052,0.487,4.323,0.238,2.269,2.977,0.0,0.0,0.0,0.0,0.0,0.0,0.0,0.0
7.52,0.203,2.424,4.928,2.806,0.387,0.994,1.009,2.302,0.036,0.459,0.9,0.0,0.0,0.0,0.0,0.0,0.0,0.0,0.0
7.362,0.088,1.869,5.875,5.523,1.388,3.622,1.522,0.391,0.0,0.0,0.0,2.672,0.059,0.833,1.612,0.0,0.0,0.0,0.0
1.727,0.001,0.05,0.477,1.68,0.044,0.496,0.765,0.636,0.0,0.0,0.003,0.0,0.0,0.0,0.0,0.0,0.0,0.0,0.0
0.834,0.051,0.533,0.748,1.506,0.352,0.909,0.409,1.243,0.001,0.08,0.587,0.0,0.0,0.0,0.0,0.0,0.0,0.0,0.0
2.848,0.021,0.512,2.094,0.168,0.0,0.0,0.0,1.289,0.048,0.517,0.758,0.0,0.0,0.0,0.0,0.0,0.0,0.0,0.0
2.344,0.301,1.008,1.009,6.249,0.01,0.463,3.34,0.981,0.112,0.718,0.621,1.412,0.024,0.38,0.896,0.0,0.0,0.0,0.0
2.958,0.033,0.692,2.384,6.148,1.014,3.651,2.865,0.687,0.0,0.029,0.376,1.469,0.004,0.189,1.202,0.0,0.0,0.0,0.0
2.818,0.053,0.95,2.377,7.107,1.661,4.296,2.795,0.768,0.006,0.181,0.737,1.522,0.01,0.327,1.421,0.0,0.0,0.0,0.0
1.544,0.297,0.906,0.573,1.355,0.019,0.334,0.834,0.0,0.0,0.0,0.0,0.0,0.0,0.0,0.0,0.0,0.0,0.0,0.0
2.52,0.582,1.859,1.294,1.096,0.002,0.106,0.635,1.983,0.043,0.705,1.592,0.0,0.0,0.0,0.0,0.0,0.0,0.0,0.0
0.328,0.0,0.0,0.0,1.614,0.121,0.859,1.287,0.0,0.0,0.0,0.0,0.0,0.0,0.0,0.0,0.0,0.0,0.0,0.0
0.562,0.0,0.001,0.043,1.674,0.112,1.105,1.476,0.0,0.0,0.0,0.0,0.0,0.0,0.0,0.0,0.0,0.0,0.0,0.0
0.696,0.0,0.036,0.416,1.674,0.44,1.048,0.953,0.0,0.0,0.0,0.0,0.0,0.0,0.0,0.0,0.0,0.0,0.0,0.0
0.687,0.0,0.029,0.376,1.671,0.42,1.048,0.963,0.0,0.0,0.0,0.0,0.0,0.0,0.0,0.0,0.0,0.0,0.0,0.0
1.568,0.021,0.491,1.558,0.43,0.0,0.0,0.001,0.0,0.0,0.0,0.0,0.0,0.0,0.0,0.0,0.0,0.0,0.0,0.0
0.907,0.355,0.906,0.313,0.828,0.043,0.492,0.766,0.0,0.0,0.0,0.0,0.0,0.0,0.0,0.0,0.0,0.0,0.0,0.0
3.433,0.41,2.784,2.558,0.744,0.003,0.112,0.646,0.0,0.0,0.0,0.0,0.0,0.0,0.0,0.0,0.0,0.0,0.0,0.0
0.667,0.0,0.017,0.287,3.115,0.269,1.991,2.033,0.0,0.0,0.0,0.0,0.0,0.0,0.0,0.0,0.0,0.0,0.0,0.0
3.282,0.642,2.566,1.53,0.715,0.001,0.057,0.506,0.0,0.0,0.0,0.0,0.0,0.0,0.0,0.0,0.0,0.0,0.0,0.0
3.615,1.305,3.614,1.355,0.799,0.017,0.32,0.798,0.0,0.0,0.0,0.0,0.0,0.0,0.0,0.0,0.0,0.0,0.0,0.0
0.717,0.001,0.061,0.517,3.352,0.23,2.235,2.938,0.0,0.0,0.0,0.0,0.0,0.0,0.0,0.0,0.0,0.0,0.0,0.0
3.164,0.382,2.241,1.827,0.668,0.0,0.017,0.292,0.0,0.0,0.0,0.0,0.0,0.0,0.0,0.0,0.0,0.0,0.0,0.0
0.681,0.0,0.025,0.346,3.2,0.454,2.359,1.723,0.0,0.0,0.0,0.0,0.0,0.0,0.0,0.0,0.0,0.0,0.0,0.0
0.492,0.0,0.0,0.007,2.46,0.09,1.006,1.545,0.0,0.0,0.0,0.0,0.0,0.0,0.0,0.0,0.0,0.0,0.0,0.0
3.593,1.148,3.576,1.507,0.804,0.02,0.346,0.799,0.0,0.0,0.0,0.0,0.0,0.0,0.0,0.0,0.0,0.0,0.0,0.0
1.749,0.001,0.059,0.713,1.661,0.108,1.029,1.475,0.0,0.0,0.0,0.0,0.0,0.0,0.0,0.0,0.0,0.0,0.0,0.0
3.584,1.091,3.555,1.567,0.8,0.018,0.323,0.798,0.0,0.0,0.0,0.0,0.0,0.0,0.0,0.0,0.0,0.0,0.0,0.0
0.636,0.0,0.007,0.179,2.935,0.079,1.18,2.393,0.0,0.0,0.0,0.0,0.0,0.0,0.0,0.0,0.0,0.0,0.0,0.0
0.702,0.001,0.043,0.447,3.129,0.234,1.892,2.137,0.0,0.0,0.0,0.0,0.0,0.0,0.0,0.0,0.0,0.0,0.0,0.0
0.671,0.0,0.019,0.304,2.956,0.073,1.138,2.408,0.0,0.0,0.0,0.0,0.0,0.0,0.0,0.0,0.0,0.0,0.0,0.0
0.854,0.09,0.665,0.665,3.046,0.163,1.372,2.095,1.287,0.095,0.679,0.655,0.0,0.0,0.0,0.0,0.0,0.0,0.0,0.0
1.263,0.0,0.006,0.22,4.247,0.116,1.409,2.328,0.152,0.0,0.0,0.0,0.0,0.0,0.0,0.0,0.0,0.0,0.0,0.0
5.214,0.827,4.591,3.448,0.703,0.001,0.043,0.448,0.0,0.0,0.0,0.0,0.0,0.0,0.0,0.0,0.0,0.0,0.0,0.0
4.241,0.189,2.058,3.055,0.694,0.0,0.035,0.406,0.0,0.0,0.0,0.0,0.0,0.0,0.0,0.0,0.0,0.0,0.0,0.0
0.617,0.0,0.004,0.13,4.177,0.165,1.934,3.085,0.0,0.0,0.0,0.0,0.0,0.0,0.0,0.0,0.0,0.0,0.0,0.0
0.635,0.0,0.007,0.177,4.011,0.102,1.549,3.189,0.0,0.0,0.0,0.0,0.0,0.0,0.0,0.0,0.0,0.0,0.0,0.0
4.345,0.339,2.602,2.743,0.693,0.0,0.034,0.4,0.0,0.0,0.0,0.0,0.0,0.0,0.0,0.0,0.0,0.0,0.0,0.0
4.398,0.297,2.477,2.877,0.726,0.001,0.075,0.562,0.0,0.0,0.0,0.0,0.0,0.0,0.0,0.0,0.0,0.0,0.0,0.0
4.391,0.48,2.932,2.433,0.688,0.0,0.03,0.381,0.0,0.0,0.0,0.0,0.0,0.0,0.0,0.0,0.0,0.0,0.0,0.0
4.03,0.122,1.689,3.161,0.631,0.0,0.006,0.165,0.0,0.0,0.0,0.0,0.0,0.0,0.0,0.0,0.0,0.0,0.0,0.0
1.497,0.332,0.906,0.416,1.235,0.0,0.017,0.329,0.787,0.012,0.259,0.785,0.0,0.0,0.0,0.0,0.0,0.0,0.0,0.0
1.806,0.65,1.798,0.685,0.79,0.013,0.274,0.79,1.477,0.06,0.576,0.914,0.0,0.0,0.0,0.0,0.0,0.0,0.0,0.0
1.274,0.0,0.015,0.368,0.661,0.0,0.014,0.266,4.893,0.174,2.473,4.747,0.0,0.0,0.0,0.0,0.0,0.0,0.0,0.0
5.17,0.675,4.309,3.722,0.0,0.0,0.0,0.0,0.71,0.001,0.052,0.484,0.0,0.0,0.0,0.0,0.0,0.0,0.0,0.0
2.205,0.035,0.614,1.683,1.718,0.29,1.351,1.19,0.0,0.0,0.0,0.0,0.0,0.0,0.0,0.0,0.0,0.0,0.0,0.0
0.892,0.005,0.156,0.711,2.161,0.074,0.915,1.553,0.0,0.0,0.0,0.0,0.0,0.0,0.0,0.0,0.0,0.0,0.0,0.0
0.667,0.0,0.017,0.287,2.161,0.0,0.007,0.276,4.668,0.189,1.741,2.202,0.0,0.0,0.0,0.0,0.0,0.0,0.0,0.0
1.351,0.0,0.043,0.647,0.7,0.001,0.04,0.434,4.97,0.259,2.962,4.594,0.0,0.0,0.0,0.0,0.0,0.0,0.0,0.0
2.689,0.003,0.156,1.387,7.991,0.586,2.697,3.536,1.394,0.001,0.075,0.841,0.265,0.0,0.0,0.0,0.0,0.0,0.0,0.0
4.352,1.029,1.775,0.884,0.989,0.0,0.0,0.016,0.823,0.0,0.037,0.416,0.539,0.0,0.0,0.025,0.0,0.0,0.0,0.0
7.723,2.017,4.173,2.84,1.344,0.0,0.039,0.616,0.229,0.0,0.0,0.0,1.17,0.0,0.032,0.396,0.0,0.0,0.0,0.0
0.963,0.033,0.439,0.785,1.53,0.293,0.902,0.538,1.161,0.283,0.893,0.38,1.279,0.013,0.281,0.798,0.0,0.0,0.0,0.0
1.464,0.189,0.832,0.563,1.206,0.005,0.16,0.718,0.0,0.0,0.0,0.0,0.0,0.0,0.0,0.0,0.0,0.0,0.0,0.0
1.636,0.063,0.853,1.576,0.53,0.0,0.0,0.02,0.0,0.0,0.0,0.0,0.0,0.0,0.0,0.0,0.0,0.0,0.0,0.0
0.32,0.0,0.0,0.0,1.622,0.093,0.843,1.415,0.0,0.0,0.0,0.0,0.0,0.0,0.0,0.0,0.0,0.0,0.0,0.0
0.692,0.0,0.033,0.398,1.77,0.419,1.7,0.935,0.0,0.0,0.0,0.0,0.0,0.0,0.0,0.0,0.0,0.0,0.0,0.0
0.505,0.0,0.0,0.01,1.606,0.041,0.685,1.586,0.0,0.0,0.0,0.0,0.0,0.0,0.0,0.0,0.0,0.0,0.0,0.0
1.698,0.158,1.266,1.376,0.734,0.002,0.09,0.601,0.0,0.0,0.0,0.0,0.0,0.0,0.0,0.0,0.0,0.0,0.0,0.0
3.411,1.14,2.743,1.218,0.753,0.004,0.136,0.685,0.0,0.0,0.0,0.0,0.0,0.0,0.0,0.0,0.0,0.0,0.0,0.0
3.396,0.315,2.532,2.752,0.727,0.001,0.076,0.565,0.0,0.0,0.0,0.0,0.0,0.0,0.0,0.0,0.0,0.0,0.0,0.0
3.503,1.212,2.884,1.552,0.842,0.064,0.583,0.721,0.0,0.0,0.0,0.0,0.0,0.0,0.0,0.0,0.0,0.0,0.0,0.0
0.728,0.001,0.078,0.57,3.181,0.293,2.056,2.067,0.0,0.0,0.0,0.0,0.0,0.0,0.0,0.0,0.0,0.0,0.0,0.0
3.408,0.934,2.745,1.507,0.787,0.011,0.258,0.784,0.0,0.0,0.0,0.0,0.0,0.0,0.0,0.0,0.0,0.0,0.0,0.0
0.519,0.0,0.0,0.015,2.538,0.122,1.143,1.496,0.0,0.0,0.0,0.0,0.0,0.0,0.0,0.0,0.0,0.0,0.0,0.0
0.902,0.316,0.902,0.348,1.634,0.259,0.984,1.037,0.824,0.038,0.465,0.776,0.0,0.0,0.0,0.0,0.0,0.0,0.0,0.0
4.236,0.191,2.067,3.06,0.689,0.0,0.031,0.384,0.0,0.0,0.0,0.0,0.0,0.0,0.0,0.0,0.0,0.0,0.0,0.0
5.091,0.467,3.781,4.14,0.656,0.0,0.013,0.248,0.0,0.0,0.0,0.0,0.0,0.0,0.0,0.0,0.0,0.0,0.0,0.0
4.277,0.283,2.428,2.847,0.678,0.0,0.023,0.332,0.0,0.0,0.0,0.0,0.0,0.0,0.0,0.0,0.0,0.0,0.0,0.0
4.56,0.467,2.915,2.641,0.758,0.004,0.149,0.702,0.0,0.0,0.0,0.0,0.0,0.0,0.0,0.0,0.0,0.0,0.0,0.0
4.511,0.531,3.029,2.441,0.727,0.001,0.076,0.565,0.0,0.0,0.0,0.0,0.0,0.0,0.0,0.0,0.0,0.0,0.0,0.0
0.656,0.0,0.012,0.245,4.221,0.29,2.453,2.808,0.0,0.0,0.0,0.0,0.0,0.0,0.0,0.0,0.0,0.0,0.0,0.0
1.428,0.085,0.653,0.732,0.691,0.0,0.032,0.395,1.677,0.117,1.125,1.465,0.0,0.0,0.0,0.0,0.0,0.0,0.0,0.0
2.014,0.076,0.628,0.8,1.822,0.001,0.074,0.618,2.729,0.006,0.281,1.811,0.0,0.0,0.0,0.0,0.0,0.0,0.0,0.0
1.729,0.244,1.473,1.206,1.04,0.0,0.002,0.079,0.712,0.001,0.054,0.491,0.0,0.0,0.0,0.0,0.0,0.0,0.0,0.0
1.83,0.001,0.044,0.534,2.609,0.002,0.151,1.408,1.946,0.084,0.649,0.759,0.0,0.0,0.0,0.0,0.0,0.0,0.0,0.0
0.0,0.0,0.0,0.0,4.273,0.326,2.565,2.755,0.687,0.0,0.029,0.375,0.0,0.0,0.0,0.0,0.0,0.0,0.0,0.0
0.0,0.0,0.0,0.0,4.001,0.139,1.793,3.131,0.632,0.0,0.006,0.169,0.0,0.0,0.0,0.0,0.0,0.0,0.0,0.0
2.943,0.028,0.687,2.411,0.539,0.0,0.0,0.025,0.0,0.0,0.0,0.0,0.0,0.0,0.0,0.0,0.0,0.0,0.0,0.0
1.461,0.037,0.468,0.964,3.046,0.635,1.83,1.158,0.788,0.012,0.266,0.787,0.0,0.0,0.0,0.0,0.0,0.0,0.0,0.0
2.981,0.154,1.253,1.553,0.706,0.001,0.047,0.465,0.901,0.0,0.006,0.165,0.0,0.0,0.0,0.0,0.0,0.0,0.0,0.0
13.729,0.263,3.262,7.231,1.601,0.261,0.931,0.875,2.612,0.338,0.919,0.632,0.0,0.0,0.0,0.0,0.0,0.0,0.0,0.0
7.477,2.152,3.516,1.531,0.757,0.001,0.05,0.479,0.982,0.0,0.0,0.028,0.0,0.0,0.0,0.0,0.0,0.0,0.0,0.0
1.327,0.003,0.119,0.721,0.38,0.0,0.0,0.0,1.335,0.131,0.754,0.59,0.0,0.0,0.0,0.0,0.0,0.0,0.0,0.0
2.228,0.048,0.733,1.581,1.16,0.331,0.904,0.335,0.434,0.0,0.0,0.001,1.359,0.0,0.001,0.047,0.0,0.0,0.0,0.0
2.075,0.077,0.63,0.768,1.334,0.001,0.053,0.621,1.264,0.002,0.098,0.635,0.147,0.0,0.0,0.0,0.0,0.0,0.0,0.0
1.662,0.094,1.024,1.516,0.551,0.0,0.0,0.033,0.0,0.0,0.0,0.0,0.0,0.0,0.0,0.0,0.0,0.0,0.0,0.0
0.423,0.0,0.0,0.001,1.466,0.07,0.611,0.845,0.0,0.0,0.0,0.0,0.0,0.0,0.0,0.0,0.0,0.0,0.0,0.0
0.568,0.0,0.001,0.049,1.753,0.337,1.618,1.05,0.0,0.0,0.0,0.0,0.0,0.0,0.0,0.0,0.0,0.0,0.0,0.0
1.466,0.003,0.175,1.188,0.378,0.0,0.0,0.0,0.0,0.0,0.0,0.0,0.0,0.0,0.0,0.0,0.0,0.0,0.0,0.0
1.822,0.769,1.813,0.578,0.827,0.042,0.487,0.768,0.0,0.0,0.0,0.0,0.0,0.0,0.0,0.0,0.0,0.0,0.0,0.0
1.638,0.066,0.87,1.567,0.534,0.0,0.0,0.022,0.0,0.0,0.0,0.0,0.0,0.0,0.0,0.0,0.0,0.0,0.0,0.0
3.145,0.259,1.965,2.094,0.706,0.001,0.047,0.463,0.0,0.0,0.0,0.0,0.0,0.0,0.0,0.0,0.0,0.0,0.0,0.0
0.657,0.0,0.013,0.249,3.126,0.311,2.097,1.944,0.0,0.0,0.0,0.0,0.0,0.0,0.0,0.0,0.0,0.0,0.0,0.0
3.295,0.509,2.446,1.85,0.768,0.006,0.181,0.737,0.0,0.0,0.0,0.0,0.0,0.0,0.0,0.0,0.0,0.0,0.0,0.0
3.418,0.756,2.739,1.878,0.836,0.054,0.545,0.742,0.0,0.0,0.0,0.0,0.0,0.0,0.0,0.0,0.0,0.0,0.0,0.0
3.694,1.999,3.525,0.841,0.851,0.083,0.645,0.68,0.0,0.0,0.0,0.0,0.0,0.0,0.0,0.0,0.0,0.0,0.0,0.0
0.648,0.0,0.01,0.219,3.085,0.242,1.915,2.077,0.0,0.0,0.0,0.0,0.0,0.0,0.0,0.0,0.0,0.0,0.0,0.0
3.37,0.263,2.359,2.866,0.72,0.001,0.065,0.533,0.0,0.0,0.0,0.0,0.0,0.0,0.0,0.0,0.0,0.0,0.0,0.0
3.387,0.296,2.471,2.794,0.788,0.012,0.263,0.786,0.0,0.0,0.0,0.0,0.0,0.0,0.0,0.0,0.0,0.0,0.0,0.0
3.313,0.171,1.97,3.065,0.695,0.0,0.036,0.411,0.0,0.0,0.0,0.0,0.0,0.0,0.0,0.0,0.0,0.0,0.0,0.0
3.218,0.371,2.225,1.944,0.733,0.002,0.087,0.593,0.0,0.0,0.0,0.0,0.0,0.0,0.0,0.0,0.0,0.0,0.0,0.0
2.316,0.093,0.945,1.8,1.822,0.776,1.798,0.582,0.0,0.0,0.0,0.0,0.0,0.0,0.0,0.0,0.0,0.0,0.0,0.0
0.681,0.0,0.025,0.346,3.727,0.149,1.577,2.299,0.131,0.0,0.0,0.0,0.0,0.0,0.0,0.0,0.0,0.0,0.0,0.0
0.672,0.0,0.019,0.307,4.245,0.266,2.372,2.864,0.0,0.0,0.0,0.0,0.0,0.0,0.0,0.0,0.0,0.0,0.0,0.0
4.398,0.323,2.558,2.823,0.719,0.001,0.063,0.525,0.0,0.0,0.0,0.0,0.0,0.0,0.0,0.0,0.0,0.0,0.0,0.0
0.632,0.0,0.006,0.169,4.028,0.118,1.664,3.167,0.0,0.0,0.0,0.0,0.0,0.0,0.0,0.0,0.0,0.0,0.0,0.0
4.404,0.493,2.958,2.41,0.692,0.0,0.033,0.396,0.0,0.0,0.0,0.0,0.0,0.0,0.0,0.0,0.0,0.0,0.0,0.0
4.424,0.447,2.866,2.545,0.704,0.001,0.045,0.456,0.0,0.0,0.0,0.0,0.0,0.0,0.0,0.0,0.0,0.0,0.0,0.0
4.555,0.486,2.953,2.613,0.752,0.003,0.132,0.678,0.0,0.0,0.0,0.0,0.0,0.0,0.0,0.0,0.0,0.0,0.0,0.0
0.683,0.0,0.026,0.356,4.269,0.259,2.347,2.888,0.0,0.0,0.0,0.0,0.0,0.0,0.0,0.0,0.0,0.0,0.0,0.0
0.683,0.0,0.026,0.354,4.304,0.31,2.516,2.788,0.0,0.0,0.0,0.0,0.0,0.0,0.0,0.0,0.0,0.0,0.0,0.0
1.322,0.108,0.709,0.632,0.699,0.0,0.039,0.429,1.003,0.0,0.0,0.036,0.0,0.0,0.0,0.0,0.0,0.0,0.0,0.0
1.465,0.303,0.899,0.406,1.525,0.11,0.729,0.902,0.769,0.006,0.184,0.74,0.0,0.0,0.0,0.0,0.0,0.0,0.0,0.0
0.677,0.0,0.022,0.331,1.235,0.069,0.603,0.708,1.376,0.079,0.635,0.705,0.0,0.0,0.0,0.0,0.0,0.0,0.0,0.0
1.429,0.126,0.744,0.64,0.683,0.0,0.026,0.357,1.248,0.073,0.616,0.7,0.0,0.0,0.0,0.0,0.0,0.0,0.0,0.0
1.516,0.364,0.91,0.415,1.267,0.0,0.024,0.409,0.792,0.014,0.285,0.792,0.0,0.0,0.0,0.0,0.0,0.0,0.0,0.0
0.442,0.0,0.0,0.002,1.567,0.021,0.489,1.558,1.492,0.009,0.27,1.274,0.0,0.0,0.0,0.0,0.0,0.0,0.0,0.0
5.387,1.708,5.359,2.276,0.0,0.0,0.0,0.0,0.771,0.007,0.193,0.747,0.0,0.0,0.0,0.0,0.0,0.0,0.0,0.0
0.0,0.0,0.0,0.0,3.277,0.095,1.032,1.542,0.108,0.0,0.0,0.0,0.0,0.0,0.0,0.0,0.0,0.0,0.0,0.0
5.033,0.351,2.184,1.957,0.703,0.001,0.044,0.451,2.39,0.0,0.034,0.703,0.0,0.0,0.0,0.0,0.0,0.0,0.0,0.0
6.217,2.294,3.486,1.92,0.662,0.0,0.015,0.268,1.2,0.003,0.121,0.664,0.0,0.0,0.0,0.0,0.0,0.0,0.0,0.0
7.213,2.147,3.487,1.266,0.717,0.0,0.031,0.383,0.911,0.0,0.0,0.014,0.0,0.0,0.0,0.0,0.0,0.0,0.0,0.0
5.319,1.021,2.842,2.177,0.823,0.037,0.459,0.779,1.524,0.014,0.356,1.395,0.0,0.0,0.0,0.0,0.0,0.0,0.0,0.0
2.053,0.008,0.281,1.41,1.41,0.136,0.762,0.605,0.943,0.0,0.037,0.418,1.24,0.064,0.585,0.72,0.0,0.0,0.0,0.0
4.478,0.063,1.065,2.657,0.753,0.0,0.0,0.001,1.479,0.33,0.905,0.392,1.575,0.5,0.892,0.441,0.0,0.0,0.0,0.0
0.693,0.0,0.017,0.291,2.015,0.127,1.156,1.442,0.365,0.0,0.0,0.0,0.093,0.0,0.0,0.0,0.0,0.0,0.0,0.0
2.511,0.579,1.845,1.253,1.089,0.003,0.119,0.659,2.088,0.037,0.664,1.603,0.0,0.0,0.0,0.0,0.0,0.0,0.0,0.0
2.144,0.107,0.723,1.03,1.941,0.01,0.331,1.443,0.0,0.0,0.0,0.0,0.0,0.0,0.0,0.0,0.0,0.0,0.0,0.0
1.637,0.086,0.893,1.491,0.326,0.0,0.0,0.0,0.0,0.0,0.0,0.0,0.0,0.0,0.0,0.0,0.0,0.0,0.0,0.0
0.662,0.0,0.015,0.268,1.738,0.275,1.529,1.151,0.0,0.0,0.0,0.0,0.0,0.0,0.0,0.0,0.0,0.0,0.0,0.0
1.661,0.449,1.005,0.882,0.856,0.097,0.683,0.651,0.0,0.0,0.0,0.0,0.0,0.0,0.0,0.0,0.0,0.0,0.0,0.0
0.672,0.0,0.019,0.307,3.045,0.151,1.583,2.28,0.0,0.0,0.0,0.0,0.0,0.0,0.0,0.0,0.0,0.0,0.0,0.0
3.201,0.42,2.307,1.795,0.694,0.0,0.035,0.407,0.0,0.0,0.0,0.0,0.0,0.0,0.0,0.0,0.0,0.0,0.0,0.0
0.767,0.006,0.177,0.734,3.293,0.148,1.843,3.112,0.0,0.0,0.0,0.0,0.0,0.0,0.0,0.0,0.0,0.0,0.0,0.0
3.209,0.473,2.385,1.699,0.684,0.0,0.027,0.36,0.0,0.0,0.0,0.0,0.0,0.0,0.0,0.0,0.0,0.0,0.0,0.0
3.509,0.685,3.248,2.084,0.774,0.007,0.204,0.756,0.0,0.0,0.0,0.0,0.0,0.0,0.0,0.0,0.0,0.0,0.0,0.0
0.649,0.0,0.01,0.222,3.197,0.069,1.277,3.191,0.0,0.0,0.0,0.0,0.0,0.0,0.0,0.0,0.0,0.0,0.0,0.0
0.704,0.001,0.045,0.456,3.333,0.2,2.106,3.004,0.0,0.0,0.0,0.0,0.0,0.0,0.0,0.0,0.0,0.0,0.0,0.0
0.909,0.366,0.907,0.304,0.807,0.022,0.36,0.798,0.0,0.0,0.0,0.0,0.0,0.0,0.0,0.0,0.0,0.0,0.0,0.0
3.63,1.422,3.626,1.252,0.819,0.033,0.435,0.786,0.0,0.0,0.0,0.0,0.0,0.0,0.0,0.0,0.0,0.0,0.0,0.0
3.308,0.165,1.937,3.078,0.709,0.001,0.05,0.477,0.0,0.0,0.0,0.0,0.0,0.0,0.0,0.0,0.0,0.0,0.0,0.0
3.12,0.232,1.887,2.131,0.694,0.0,0.035,0.406,0.0,0.0,0.0,0.0,0.0,0.0,0.0,0.0,0.0,0.0,0.0,0.0
0.711,0.001,0.052,0.486,1.583,0.402,0.923,0.575,0.744,0.003,0.112,0.645,0.0,0.0,0.0,0.0,0.0,0.0,0.0,0.0
3.186,0.982,0.628,1.841,2.429,0.095,1.19,2.274,1.58,0.273,0.915,0.75,0.0,0.0,0.0,0.0,0.0,0.0,0.0,0.0
1.42,0.031,0.429,0.887,0.9,0.303,0.899,0.361,1.636,0.25,0.989,1.067,0.823,0.037,0.461,0.778,0.0,0.0,0.0,0.0
0.853,0.089,0.661,0.667,1.316,0.138,0.765,0.577,3.036,0.17,1.378,2.027,0.0,0.0,0.0,0.0,0.0,0.0,0.0,0.0
2.945,0.116,1.157,1.949,1.258,0.099,0.688,0.647,0.839,0.059,0.564,0.731,0.0,0.0,0.0,0.0,0.0,0.0,0.0,0.0
4.1,0.374,1.819,2.172,0.587,0.0,0.002,0.074,0.668,0.0,0.017,0.292,0.0,0.0,0.0,0.0,0.0,0.0,0.0,0.0
0.623,0.0,0.005,0.144,4.053,0.169,1.958,3.07,0.0,0.0,0.0,0.0,0.0,0.0,0.0,0.0,0.0,0.0,0.0,0.0
0.708,0.001,0.049,0.474,5.17,0.676,4.311,3.719,0.0,0.0,0.0,0.0,0.0,0.0,0.0,0.0,0.0,0.0,0.0,0.0
4.397,0.323,2.556,2.799,0.72,0.001,0.065,0.533,0.0,0.0,0.0,0.0,0.0,0.0,0.0,0.0,0.0,0.0,0.0,0.0
4.511,0.526,3.021,2.456,0.727,0.001,0.077,0.567,0.0,0.0,0.0,0.0,0.0,0.0,0.0,0.0,0.0,0.0,0.0,0.0
4.32,0.392,2.741,2.598,0.675,0.0,0.021,0.32,0.0,0.0,0.0,0.0,0.0,0.0,0.0,0.0,0.0,0.0,0.0,0.0
0.647,0.0,0.01,0.215,4.133,0.184,2.034,3.045,0.0,0.0,0.0,0.0,0.0,0.0,0.0,0.0,0.0,0.0,0.0,0.0
4.47,0.448,2.87,2.579,0.723,0.001,0.071,0.549,0.0,0.0,0.0,0.0,0.0,0.0,0.0,0.0,0.0,0.0,0.0,0.0
3.742,0.253,1.493,1.317,0.714,0.001,0.056,0.502,0.0,0.0,0.0,0.0,0.0,0.0,0.0,0.0,0.0,0.0,0.0,0.0
1.426,0.083,0.645,0.738,0.692,0.0,0.033,0.397,1.672,0.109,1.092,1.483,0.0,0.0,0.0,0.0,0.0,0.0,0.0,0.0
1.498,0.343,0.907,0.405,0.809,0.024,0.374,0.797,1.465,0.032,0.442,0.999,0.0,0.0,0.0,0.0,0.0,0.0,0.0,0.0
1.732,0.0,0.033,0.428,2.561,0.001,0.116,1.271,1.864,0.053,0.542,0.793,0.0,0.0,0.0,0.0,0.0,0.0,0.0,0.0
1.497,0.354,0.908,0.391,3.384,1.051,2.72,1.24,0.801,0.018,0.327,0.798,0.0,0.0,0.0,0.0,0.0,0.0,0.0,0.0
0.0,0.0,0.0,0.0,4.123,0.45,2.871,2.482,0.173,0.0,0.0,0.0,0.0,0.0,0.0,0.0,0.0,0.0,0.0,0.0
5.211,0.818,4.57,3.466,0.0,0.0,0.0,0.0,0.784,0.011,0.246,0.78,0.0,0.0,0.0,0.0,0.0,0.0,0.0,0.0
3.456,1.149,2.761,1.457,0.794,0.014,0.29,0.794,0.0,0.0,0.0,0.0,0.0,0.0,0.0,0.0,0.0,0.0,0.0,0.0
3.359,0.842,2.503,1.627,0.775,0.008,0.209,0.759,0.0,0.0,0.0,0.0,0.0,0.0,0.0,0.0,0.0,0.0,0.0,0.0
1.149,0.035,0.452,0.781,1.067,0.0,0.002,0.1,2.889,0.001,0.082,1.091,0.0,0.0,0.0,0.0,0.0,0.0,0.0,0.0
6.929,0.942,2.653,1.992,2.236,0.012,0.358,1.468,1.004,0.0,0.019,0.306,0.0,0.0,0.0,0.0,0.0,0.0,0.0,0.0
7.246,1.619,3.656,2.585,1.487,0.005,0.22,1.285,0.467,0.0,0.0,0.004,0.0,0.0,0.0,0.0,0.0,0.0,0.0,0.0
1.471,0.198,0.841,0.557,1.251,0.006,0.182,0.744,0.0,0.0,0.0,0.0,0.0,0.0,0.0,0.0,0.0,0.0,0.0,0.0
1.693,0.148,1.236,1.397,0.589,0.0,0.002,0.076,0.0,0.0,0.0,0.0,0.0,0.0,0.0,0.0,0.0,0.0,0.0,0.0
0.517,0.0,0.0,0.014,1.61,0.042,0.702,1.597,0.0,0.0,0.0,0.0,0.0,0.0,0.0,0.0,0.0,0.0,0.0,0.0
1.63,0.057,0.815,1.584,0.513,0.0,0.0,0.013,0.0,0.0,0.0,0.0,0.0,0.0,0.0,0.0,0.0,0.0,0.0,0.0
0.627,0.0,0.005,0.155,3.038,0.195,1.761,2.167,0.0,0.0,0.0,0.0,0.0,0.0,0.0,0.0,0.0,0.0,0.0,0.0
3.481,1.125,2.853,1.573,0.832,0.048,0.519,0.755,0.0,0.0,0.0,0.0,0.0,0.0,0.0,0.0,0.0,0.0,0.0,0.0
3.424,0.385,2.723,2.609,0.746,0.003,0.116,0.653,0.0,0.0,0.0,0.0,0.0,0.0,0.0,0.0,0.0,0.0,0.0,0.0
0.63,0.0,0.006,0.162,2.9,0.061,1.042,2.403,0.0,0.0,0.0,0.0,0.0,0.0,0.0,0.0,0.0,0.0,0.0,0.0
0.693,0.0,0.034,0.404,3.068,0.156,1.607,2.285,0.0,0.0,0.0,0.0,0.0,0.0,0.0,0.0,0.0,0.0,0.0,0.0
0.717,0.001,0.061,0.519,3.368,0.258,2.342,2.876,0.0,0.0,0.0,0.0,0.0,0.0,0.0,0.0,0.0,0.0,0.0,0.0
3.387,0.788,2.697,1.661,0.794,0.015,0.293,0.794,0.0,0.0,0.0,0.0,0.0,0.0,0.0,0.0,0.0,0.0,0.0,0.0
1.817,0.002,0.105,0.914,1.687,0.163,1.191,1.374,0.0,0.0,0.0,0.0,0.0,0.0,0.0,0.0,0.0,0.0,0.0,0.0
4.793,0.969,2.9,2.474,0.846,0.073,0.615,0.701,0.681,0.0,0.025,0.349,0.0,0.0,0.0,0.0,0.0,0.0,0.0,0.0
0.686,0.0,0.028,0.368,3.131,0.266,1.986,2.055,0.0,0.0,0.0,0.0,0.0,0.0,0.0,0.0,0.0,0.0,0.0,0.0
2.685,0.21,1.407,1.38,0.57,0.0,0.001,0.051,0.0,0.0,0.0,0.0,0.0,0.0,0.0,0.0,0.0,0.0,0.0,0.0
0.895,0.266,0.886,0.399,1.561,0.157,0.822,0.919,0.808,0.023,0.37,0.798,0.0,0.0,0.0,0.0,0.0,0.0,0.0,0.0
3.628,0.223,1.433,1.271,0.697,0.0,0.037,0.419,0.0,0.0,0.0,0.0,0.0,0.0,0.0,0.0,0.0,0.0,0.0,0.0
3.997,0.086,1.422,3.202,0.641,0.0,0.008,0.196,0.0,0.0,0.0,0.0,0.0,0.0,0.0,0.0,0.0,0.0,0.0,0.0
4.13,0.185,2.036,3.044,0.646,0.0,0.009,0.21,0.0,0.0,0.0,0.0,0.0,0.0,0.0,0.0,0.0,0.0,0.0,0.0
0.639,0.0,0.008,0.188,4.076,0.146,1.834,3.121,0.0,0.0,0.0,0.0,0.0,0.0,0.0,0.0,0.0,0.0,0.0,0.0
4.952,0.236,2.842,4.64,0.649,0.0,0.01,0.223,0.0,0.0,0.0,0.0,0.0,0.0,0.0,0.0,0.0,0.0,0.0,0.0
4.435,0.438,2.848,2.543,0.713,0.001,0.055,0.497,0.0,0.0,0.0,0.0,0.0,0.0,0.0,0.0,0.0,0.0,0.0,0.0
4.395,0.482,2.937,2.43,0.69,0.0,0.031,0.387,0.0,0.0,0.0,0.0,0.0,0.0,0.0,0.0,0.0,0.0,0.0,0.0
1.694,0.149,1.238,1.396,0.713,0.001,0.055,0.498,1.665,0.098,1.045,1.506,0.0,0.0,0.0,0.0,0.0,0.0,0.0,0.0
1.529,0.402,0.909,0.404,0.819,0.033,0.436,0.785,1.551,0.095,0.712,1.072,0.0,0.0,0.0,0.0,0.0,0.0,0.0,0.0
0.667,0.0,0.017,0.288,1.656,0.085,0.98,1.534,1.333,0.025,0.38,0.813,0.0,0.0,0.0,0.0,0.0,0.0,0.0,0.0
1.799,0.595,1.784,0.738,0.78,0.009,0.227,0.77,1.49,0.08,0.643,0.88,0.0,0.0,0.0,0.0,0.0,0.0,0.0,0.0
1.926,0.002,0.098,0.781,2.108,0.118,0.736,0.778,2.784,0.01,0.362,1.966,0.0,0.0,0.0,0.0,0.0,0.0,0.0,0.0
1.316,0.119,0.73,0.611,0.71,0.001,0.051,0.483,0.982,0.0,0.0,0.036,0.0,0.0,0.0,0.0,0.0,0.0,0.0,0.0
1.947,0.073,0.616,0.782,1.809,0.001,0.047,0.531,2.638,0.003,0.178,1.511,0.0,0.0,0.0,0.0,0.0,0.0,0.0,0.0
1.741,0.286,1.546,1.133,0.731,0.002,0.083,0.584,1.413,0.038,0.469,0.851,0.0,0.0,0.0,0.0,0.0,0.0,0.0,0.0
1.587,0.099,0.766,1.233,3.443,0.992,2.792,1.592,0.804,0.02,0.346,0.799,0.0,0.0,0.0,0.0,0.0,0.0,0.0,0.0
0.711,0.001,0.053,0.49,1.289,0.008,0.219,0.778,0.0,0.0,0.0,0.0,0.0,0.0,0.0,0.0,0.0,0.0,0.0,0.0
6.95,2.257,5.665,3.085,1.588,0.029,0.585,1.586,1.474,0.004,0.192,1.225,0.0,0.0,0.0,0.0,0.0,0.0,0.0,0.0
1.065,0.0,0.002,0.093,1.151,0.035,0.45,0.781,2.874,0.001,0.077,1.048,0.0,0.0,0.0,0.0,0.0,0.0,0.0,0.0
1.44,0.003,0.144,1.064,4.41,0.075,1.218,3.307,0.588,0.0,0.002,0.075,0.0,0.0,0.0,0.0,0.0,0.0,0.0,0.0
4.398,0.074,1.146,2.395,1.188,0.676,0.784,0.123,1.131,0.0,0.001,0.092,0.0,0.0,0.0,0.0,0.0,0.0,0.0,0.0
0.36,0.0,0.0,0.0,0.8,0.018,0.323,0.798,2.359,0.151,1.242,1.411,0.0,0.0,0.0,0.0,0.0,0.0,0.0,0.0
3.245,0.383,0.912,0.566,0.675,0.0,0.021,0.321,0.554,0.0,0.0,0.005,1.788,0.006,0.234,1.308,0.0,0.0,0.0,0.0
0.854,0.0,0.0,0.002,3.73,0.015,0.548,2.726,0.464,0.0,0.0,0.003,1.236,0.0,0.008,0.265,0.0,0.0,0.0,0.0
2.116,0.201,1.371,1.291,0.619,0.0,0.001,0.07,0.732,0.0,0.028,0.368,0.119,0.0,0.0,0.0,0.0,0.0,0.0,0.0
1.044,0.031,0.424,0.789,1.587,0.318,0.929,0.709,1.251,0.247,0.876,0.421,1.41,0.031,0.427,0.869,0.0,0.0,0.0,0.0
1.547,0.394,0.912,0.457,1.253,0.259,0.883,0.407,1.401,0.023,0.371,0.88,0.0,0.0,0.0,0.0,0.0,0.0,0.0,0.0
1.551,0.37,0.915,0.5,1.313,0.02,0.344,0.811,0.0,0.0,0.0,0.0,0.0,0.0,0.0,0.0,0.0,0.0,0.0,0.0
2.517,0.554,1.852,1.329,1.088,0.003,0.111,0.645,2.151,0.057,0.799,1.592,0.0,0.0,0.0,0.0,0.0,0.0,0.0,0.0
0.468,0.0,0.0,0.004,1.612,0.066,0.766,1.487,0.0,0.0,0.0,0.0,0.0,0.0,0.0,0.0,0.0,0.0,0.0,0.0
0.712,0.001,0.054,0.491,1.754,0.339,1.62,1.047,0.0,0.0,0.0,0.0,0.0,0.0,0.0,0.0,0.0,0.0,0.0,0.0
0.634,0.0,0.007,0.175,1.725,0.23,1.446,1.232,0.0,0.0,0.0,0.0,0.0,0.0,0.0,0.0,0.0,0.0,0.0,0.0
0.675,0.0,0.021,0.323,3.266,0.12,1.672,3.16,0.0,0.0,0.0,0.0,0.0,0.0,0.0,0.0,0.0,0.0,0.0,0.0
0.605,0.0,0.003,0.104,2.784,0.283,1.552,1.354,0.0,0.0,0.0,0.0,0.0,0.0,0.0,0.0,0.0,0.0,0.0,0.0
0.602,0.0,0.002,0.098,2.961,0.125,1.461,2.31,0.0,0.0,0.0,0.0,0.0,0.0,0.0,0.0,0.0,0.0,0.0,0.0
0.651,0.0,0.011,0.23,2.961,0.088,1.241,2.386,0.0,0.0,0.0,0.0,0.0,0.0,0.0,0.0,0.0,0.0,0.0,0.0
2.686,0.205,1.395,1.404,0.571,0.0,0.001,0.052,0.0,0.0,0.0,0.0,0.0,0.0,0.0,0.0,0.0,0.0,0.0,0.0
0.667,0.0,0.017,0.288,3.165,0.386,2.249,1.819,0.0,0.0,0.0,0.0,0.0,0.0,0.0,0.0,0.0,0.0,0.0,0.0
3.37,0.261,2.354,2.869,0.738,0.002,0.097,0.616,0.0,0.0,0.0,0.0,0.0,0.0,0.0,0.0,0.0,0.0,0.0,0.0
1.743,0.0,0.028,0.52,1.653,0.082,0.966,1.54,0.0,0.0,0.0,0.0,0.0,0.0,0.0,0.0,0.0,0.0,0.0,0.0
3.307,0.164,1.931,3.08,0.706,0.001,0.046,0.462,0.0,0.0,0.0,0.0,0.0,0.0,0.0,0.0,0.0,0.0,0.0,0.0
2.575,0.048,0.775,1.936,0.57,0.0,0.001,0.051,0.0,0.0,0.0,0.0,0.0,0.0,0.0,0.0,0.0,0.0,0.0,0.0
3.922,0.347,1.638,1.302,0.739,0.002,0.101,0.624,0.0,0.0,0.0,0.0,0.0,0.0,0.0,0.0,0.0,0.0,0.0,0.0
2.462,0.093,1.022,1.536,0.492,0.0,0.0,0.007,0.0,0.0,0.0,0.0,0.0,0.0,0.0,0.0,0.0,0.0,0.0,0.0
0.678,0.0,0.023,0.335,3.063,0.166,1.649,2.253,0.0,0.0,0.0,0.0,0.0,0.0,0.0,0.0,0.0,0.0,0.0,0.0
3.995,0.084,1.405,3.2,0.645,0.0,0.009,0.207,0.0,0.0,0.0,0.0,0.0,0.0,0.0,0.0,0.0,0.0,0.0,0.0
0.502,0.0,0.0,0.01,3.177,0.077,0.663,1.312,0.594,0.0,0.002,0.084,0.0,0.0,0.0,0.0,0.0,0.0,0.0,0.0
0.635,0.0,0.007,0.177,4.02,0.113,1.63,3.171,0.0,0.0,0.0,0.0,0.0,0.0,0.0,0.0,0.0,0.0,0.0,0.0
0.635,0.0,0.007,0.177,4.066,0.145,1.83,3.121,0.0,0.0,0.0,0.0,0.0,0.0,0.0,0.0,0.0,0.0,0.0,0.0
0.744,0.003,0.111,0.644,1.727,0.236,1.459,1.22,1.605,0.038,0.673,1.598,0.0,0.0,0.0,0.0,0.0,0.0,0.0,0.0
0.747,0.003,0.12,0.66,1.63,0.057,0.817,1.584,1.594,0.032,0.615,1.593,0.0,0.0,0.0,0.0,0.0,0.0,0.0,0.0
1.526,0.397,0.909,0.402,0.798,0.017,0.315,0.797,1.266,0.0,0.024,0.409,0.0,0.0,0.0,0.0,0.0,0.0,0.0,0.0
1.839,0.001,0.063,0.605,2.697,0.005,0.24,1.701,2.0,0.086,0.657,0.773,0.0,0.0,0.0,0.0,0.0,0.0,0.0,0.0
0.656,0.0,0.013,0.247,1.664,0.096,1.035,1.511,1.334,0.03,0.416,0.805,0.0,0.0,0.0,0.0,0.0,0.0,0.0,0.0
0.674,0.0,0.021,0.318,1.215,0.058,0.56,0.734,1.384,0.079,0.632,0.711,0.0,0.0,0.0,0.0,0.0,0.0,0.0,0.0
1.729,0.001,0.043,0.473,2.629,0.003,0.171,1.491,1.898,0.052,0.536,0.805,0.0,0.0,0.0,0.0,0.0,0.0,0.0,0.0
2.794,0.01,0.381,2.005,2.063,0.078,0.633,0.82,1.829,0.002,0.097,0.674,0.0,0.0,0.0,0.0,0.0,0.0,0.0,0.0
0.681,0.0,0.024,0.345,1.697,0.157,1.263,1.378,1.352,0.042,0.486,0.787,0.0,0.0,0.0,0.0,0.0,0.0,0.0,0.0
1.62,0.049,0.758,1.593,0.836,0.055,0.548,0.74,1.708,0.181,1.332,1.327,0.0,0.0,0.0,0.0,0.0,0.0,0.0,0.0
0.683,0.0,0.026,0.357,1.692,0.144,1.224,1.405,1.347,0.038,0.466,0.793,0.0,0.0,0.0,0.0,0.0,0.0,0.0,0.0
1.462,0.019,0.345,1.061,3.236,0.378,2.235,1.979,0.739,0.002,0.099,0.621,0.0,0.0,0.0,0.0,0.0,0.0,0.0,0.0
0.0,0.0,0.0,0.0,0.056,0.0,0.0,0.0,2.98,0.043,0.714,1.603,0.0,0.0,0.0,0.0,0.0,0.0,0.0,0.0
5.509,0.504,0.91,1.036,1.144,0.0,0.028,0.371,0.705,0.001,0.045,0.459,0.0,0.0,0.0,0.0,0.0,0.0,0.0,0.0
4.939,0.285,2.034,2.054,0.695,0.0,0.036,0.411,2.311,0.0,0.019,0.517,0.0,0.0,0.0,0.0,0.0,0.0,0.0,0.0
1.638,0.103,0.916,1.438,2.665,0.101,1.062,1.819,1.297,0.274,0.889,0.39,0.0,0.0,0.0,0.0,0.0,0.0,0.0,0.0
10.045,0.843,2.991,3.857,2.631,0.011,0.416,2.066,0.527,0.0,0.0,0.019,0.0,0.0,0.0,0.0,0.0,0.0,0.0,0.0
2.817,0.002,0.181,1.822,6.794,0.304,2.089,2.306,0.752,0.003,0.132,0.679,0.99,0.0,0.014,0.258,0.0,0.0,0.0,0.0
2.758,0.108,1.087,1.489,3.501,0.937,0.568,0.79,0.876,0.01,0.245,0.779,0.915,0.423,0.902,0.26,0.0,0.0,0.0,0.0
1.957,0.002,0.11,0.787,5.744,0.678,2.847,2.913,1.508,0.007,0.274,1.373,0.721,0.001,0.067,0.537,0.0,0.0,0.0,0.0
2.149,0.353,1.036,1.002,2.201,0.079,0.951,1.578,0.0,0.0,0.0,0.0,0.0,0.0,0.0,0.0,0.0,0.0,0.0,0.0
0.581,0.0,0.001,0.064,1.675,0.113,1.11,1.473,0.0,0.0,0.0,0.0,0.0,0.0,0.0,0.0,0.0,0.0,0.0,0.0
0.317,0.0,0.0,0.0,1.466,0.065,0.593,0.863,0.0,0.0,0.0,0.0,0.0,0.0,0.0,0.0,0.0,0.0,0.0,0.0
0.463,0.0,0.0,0.003,1.757,0.352,1.636,1.027,0.0,0.0,0.0,0.0,0.0,0.0,0.0,0.0,0.0,0.0,0.0,0.0
0.449,0.0,0.0,0.002,1.597,0.192,0.892,1.003,0.0,0.0,0.0,0.0,0.0,0.0,0.0,0.0,0.0,0.0,0.0,0.0
1.716,0.204,1.389,1.282,0.75,0.003,0.127,0.672,0.0,0.0,0.0,0.0,0.0,0.0,0.0,0.0,0.0,0.0,0.0,0.0
1.618,0.048,0.75,1.591,0.271,0.0,0.0,0.0,0.0,0.0,0.0,0.0,0.0,0.0,0.0,0.0,0.0,0.0,0.0,0.0
3.386,0.294,2.467,2.797,0.841,0.063,0.581,0.722,0.0,0.0,0.0,0.0,0.0,0.0,0.0,0.0,0.0,0.0,0.0,0.0
0.659,0.0,0.014,0.257,3.219,0.083,1.398,3.195,0.0,0.0,0.0,0.0,0.0,0.0,0.0,0.0,0.0,0.0,0.0,0.0
0.593,0.0,0.002,0.083,2.751,0.256,1.503,1.364,0.0,0.0,0.0,0.0,0.0,0.0,0.0,0.0,0.0,0.0,0.0,0.0
0.755,0.004,0.142,0.693,3.445,0.447,2.867,2.486,0.0,0.0,0.0,0.0,0.0,0.0,0.0,0.0,0.0,0.0,0.0,0.0
3.331,0.197,2.093,3.01,0.822,0.035,0.452,0.781,0.0,0.0,0.0,0.0,0.0,0.0,0.0,0.0,0.0,0.0,0.0,0.0
0.68,0.0,0.024,0.344,3.253,0.108,1.594,3.175,0.0,0.0,0.0,0.0,0.0,0.0,0.0,0.0,0.0,0.0,0.0,0.0
0.699,0.0,0.039,0.429,3.121,0.226,1.868,2.148,0.0,0.0,0.0,0.0,0.0,0.0,0.0,0.0,0.0,0.0,0.0,0.0
3.375,0.272,2.392,2.845,0.719,0.001,0.064,0.529,0.0,0.0,0.0,0.0,0.0,0.0,0.0,0.0,0.0,0.0,0.0,0.0
0.735,0.002,0.092,0.606,3.372,0.266,2.369,2.86,0.0,0.0,0.0,0.0,0.0,0.0,0.0,0.0,0.0,0.0,0.0,0.0
2.841,0.334,1.632,1.356,0.625,0.0,0.005,0.15,0.0,0.0,0.0,0.0,0.0,0.0,0.0,0.0,0.0,0.0,0.0,0.0
1.286,0.141,0.771,0.569,2.934,0.121,1.171,1.886,0.838,0.058,0.56,0.734,0.0,0.0,0.0,0.0,0.0,0.0,0.0,0.0
0.663,0.0,0.015,0.273,5.035,0.357,3.401,4.38,0.0,0.0,0.0,0.0,0.0,0.0,0.0,0.0,0.0,0.0,0.0,0.0
0.669,0.0,0.018,0.296,3.453,0.172,1.308,1.351,0.0,0.0,0.0,0.0,0.0,0.0,0.0,0.0,0.0,0.0,0.0,0.0
4.177,0.251,2.317,2.892,0.648,0.0,0.01,0.217,0.0,0.0,0.0,0.0,0.0,0.0,0.0,0.0,0.0,0.0,0.0,0.0
0.618,0.0,0.004,0.132,4.003,0.132,1.747,3.142,0.0,0.0,0.0,0.0,0.0,0.0,0.0,0.0,0.0,0.0,0.0,0.0
0.681,0.0,0.024,0.345,1.664,0.097,1.039,1.509,1.606,0.039,0.681,1.598,0.0,0.0,0.0,0.0,0.0,0.0,0.0,0.0
1.686,0.133,1.185,1.429,0.679,0.0,0.023,0.337,1.345,0.026,0.388,0.818,0.0,0.0,0.0,0.0,0.0,0.0,0.0,0.0
1.815,0.712,1.813,0.625,1.251,0.0,0.021,0.374,0.801,0.018,0.326,0.798,0.0,0.0,0.0,0.0,0.0,0.0,0.0,0.0
1.408,0.126,0.745,0.623,0.677,0.0,0.022,0.33,1.234,0.069,0.601,0.71,0.0,0.0,0.0,0.0,0.0,0.0,0.0,0.0
0.824,0.038,0.467,0.776,1.719,0.212,1.407,1.266,1.457,0.003,0.158,1.146,0.0,0.0,0.0,0.0,0.0,0.0,0.0,0.0
1.915,0.001,0.067,0.707,2.045,0.114,0.725,0.757,2.692,0.005,0.232,1.664,0.0,0.0,0.0,0.0,0.0,0.0,0.0,0.0
0.0,0.0,0.0,0.0,4.542,0.352,3.032,3.53,0.678,0.0,0.023,0.335,0.0,0.0,0.0,0.0,0.0,0.0,0.0,0.0
0.171,0.0,0.0,0.0,1.05,0.0,0.001,0.043,0.0,0.0,0.0,0.0,0.0,0.0,0.0,0.0,0.0,0.0,0.0,0.0
4.572,0.884,2.751,1.748,0.778,0.009,0.221,0.767,0.0,0.0,0.0,0.0,0.0,0.0,0.0,0.0,0.0,0.0,0.0,0.0
0.824,0.0,0.0,0.003,3.391,0.006,0.302,2.182,1.707,0.18,1.329,1.33,0.0,0.0,0.0,0.0,0.0,0.0,0.0,0.0
3.18,0.684,1.866,1.375,2.363,0.211,1.384,1.274,2.263,0.011,0.417,2.066,0.0,0.0,0.0,0.0,0.0,0.0,0.0,0.0
0.883,0.198,0.84,0.483,0.177,0.0,0.0,0.0,2.578,0.203,0.907,1.012,0.641,0.0,0.008,0.196,0.0,0.0,0.0,0.0
2.432,0.172,0.843,0.936,1.681,0.023,0.366,0.82,3.347,0.033,0.464,1.371,1.361,0.356,0.907,0.315,0.0,0.0,0.0,0.0
1.06,0.028,0.405,0.793,1.007,0.0,0.008,0.192,0.444,0.0,0.0,0.002,0.395,0.0,0.0,0.0,0.0,0.0,0.0,0.0
1.336,0.002,0.085,0.686,4.092,0.2,1.426,2.073,1.712,0.223,1.351,1.267,0.665,0.0,0.016,0.279,0.0,0.0,0.0,0.0
0.794,0.0,0.008,0.197,1.591,0.349,0.934,0.684,1.254,0.252,0.879,0.415,1.418,0.035,0.45,0.872,0.0,0.0,0.0,0.0
1.558,0.267,0.901,0.671,1.249,0.384,0.906,0.289,1.325,0.018,0.33,0.816,0.0,0.0,0.0,0.0,0.0,0.0,0.0,0.0
1.528,0.263,0.891,0.576,1.215,0.386,0.906,0.288,1.276,0.012,0.269,0.794,0.0,0.0,0.0,0.0,0.0,0.0,0.0,0.0
1.604,0.481,0.914,0.577,1.552,0.076,0.669,1.152,0.0,0.0,0.0,0.0,0.0,0.0,0.0,0.0,0.0,0.0,0.0,0.0
2.504,0.553,1.83,1.268,1.039,0.001,0.058,0.507,1.959,0.025,0.389,0.999,0.0,0.0,0.0,0.0,0.0,0.0,0.0,0.0
2.506,0.549,1.833,1.282,2.17,0.065,0.856,1.588,0.0,0.0,0.0,0.0,0.0,0.0,0.0,0.0,0.0,0.0,0.0,0.0
1.43,0.084,0.65,0.738,0.389,0.0,0.0,0.0,0.0,0.0,0.0,0.0,0.0,0.0,0.0,0.0,0.0,0.0,0.0,0.0
0.625,0.0,0.005,0.149,2.995,0.14,1.533,2.284,0.0,0.0,0.0,0.0,0.0,0.0,0.0,0.0,0.0,0.0,0.0,0.0
0.687,0.0,0.029,0.375,3.205,0.45,2.354,1.737,0.0,0.0,0.0,0.0,0.0,0.0,0.0,0.0,0.0,0.0,0.0,0.0
3.705,2.106,3.483,0.78,0.858,0.102,0.694,0.641,0.0,0.0,0.0,0.0,0.0,0.0,0.0,0.0,0.0,0.0,0.0,0.0
3.464,1.159,2.801,1.446,0.807,0.022,0.363,0.798,0.0,0.0,0.0,0.0,0.0,0.0,0.0,0.0,0.0,0.0,0.0,0.0
0.694,0.0,0.035,0.406,3.055,0.14,1.535,2.317,0.0,0.0,0.0,0.0,0.0,0.0,0.0,0.0,0.0,0.0,0.0,0.0
3.435,0.415,2.797,2.548,0.745,0.003,0.114,0.65,0.0,0.0,0.0,0.0,0.0,0.0,0.0,0.0,0.0,0.0,0.0,0.0
3.256,0.111,1.612,3.172,0.679,0.0,0.024,0.339,0.0,0.0,0.0,0.0,0.0,0.0,0.0,0.0,0.0,0.0,0.0,0.0
3.372,0.266,2.372,2.858,0.732,0.002,0.085,0.588,0.0,0.0,0.0,0.0,0.0,0.0,0.0,0.0,0.0,0.0,0.0,0.0
3.112,0.979,0.51,1.493,2.345,0.062,0.9,2.062,1.488,0.165,0.808,0.648,0.0,0.0,0.0,0.0,0.0,0.0,0.0,0.0
4.18,0.2,2.107,3.017,0.662,0.0,0.015,0.268,0.0,0.0,0.0,0.0,0.0,0.0,0.0,0.0,0.0,0.0,0.0,0.0
0.695,0.0,0.036,0.413,4.35,0.337,2.595,2.749,0.0,0.0,0.0,0.0,0.0,0.0,0.0,0.0,0.0,0.0,0.0,0.0
0.624,0.0,0.005,0.146,3.107,0.062,0.851,1.578,0.0,0.0,0.0,0.0,0.0,0.0,0.0,0.0,0.0,0.0,0.0,0.0
0.705,0.001,0.045,0.458,4.407,0.408,2.78,2.615,0.0,0.0,0.0,0.0,0.0,0.0,0.0,0.0,0.0,0.0,0.0,0.0
4.262,0.279,2.416,2.851,0.672,0.0,0.019,0.308,0.0,0.0,0.0,0.0,0.0,0.0,0.0,0.0,0.0,0.0,0.0,0.0
1.743,0.001,0.05,0.505,2.648,0.003,0.187,1.555,1.921,0.055,0.55,0.805,0.0,0.0,0.0,0.0,0.0,0.0,0.0,0.0
1.828,0.001,0.055,0.571,2.681,0.004,0.224,1.644,1.978,0.081,0.643,0.775,0.0,0.0,0.0,0.0,0.0,0.0,0.0,0.0
1.552,0.016,0.423,1.521,0.89,0.235,0.869,0.435,1.417,0.052,0.539,0.812,0.0,0.0,0.0,0.0,0.0,0.0,0.0,0.0
1.528,0.396,0.909,0.408,1.295,0.0,0.038,0.504,0.8,0.018,0.323,0.798,0.0,0.0,0.0,0.0,0.0,0.0,0.0,0.0
1.625,0.053,0.786,1.59,0.829,0.043,0.495,0.765,1.703,0.17,1.301,1.351,0.0,0.0,0.0,0.0,0.0,0.0,0.0,0.0
1.844,0.001,0.079,0.647,2.759,0.008,0.328,1.895,2.037,0.087,0.659,0.79,0.0,0.0,0.0,0.0,0.0,0.0,0.0,0.0
1.693,0.147,1.232,1.4,0.669,0.0,0.018,0.297,1.348,0.031,0.425,0.809,0.0,0.0,0.0,0.0,0.0,0.0,0.0,0.0
1.799,0.6,1.78,0.737,1.234,0.0,0.013,0.301,0.777,0.008,0.217,0.764,0.0,0.0,0.0,0.0,0.0,0.0,0.0,0.0
1.799,0.592,1.791,0.737,0.788,0.012,0.266,0.787,1.45,0.033,0.443,0.95,0.0,0.0,0.0,0.0,0.0,0.0,0.0,0.0
0.675,0.0,0.021,0.321,1.687,0.135,1.189,1.426,1.342,0.039,0.47,0.789,0.0,0.0,0.0,0.0,0.0,0.0,0.0,0.0
5.17,0.678,4.314,3.717,0.0,0.0,0.0,0.0,0.708,0.001,0.05,0.476,0.0,0.0,0.0,0.0,0.0,0.0,0.0,0.0
2.856,0.013,0.457,2.178,0.505,0.0,0.0,0.011,0.0,0.0,0.0,0.0,0.0,0.0,0.0,0.0,0.0,0.0,0.0,0.0
1.8,0.604,1.785,0.731,1.606,0.342,0.947,0.763,0.78,0.009,0.23,0.772,0.0,0.0,0.0,0.0,0.0,0.0,0.0,0.0
0.951,0.068,0.598,0.711,2.329,0.001,0.1,0.957,0.0,0.0,0.0,0.0,0.0,0.0,0.0,0.0,0.0,0.0,0.0,0.0
0.604,0.0,0.003,0.101,3.589,0.039,0.679,1.603,1.618,0.0,0.003,0.137,0.0,0.0,0.0,0.0,0.0,0.0,0.0,0.0
4.965,0.232,1.879,2.232,1.017,0.0,0.004,0.134,1.918,0.0,0.041,0.643,0.0,0.0,0.0,0.0,0.0,0.0,0.0,0.0
3.216,1.953,0.81,0.664,5.482,0.123,1.44,2.674,1.546,0.361,0.914,0.492,1.37,0.002,0.087,0.769,0.0,0.0,0.0,0.0
2.255,0.017,0.472,1.967,3.231,0.968,1.106,1.944,2.916,0.611,0.871,0.944,1.313,0.01,0.24,0.797,0.0,0.0,0.0,0.0
1.597,0.394,0.933,0.646,1.435,0.041,0.484,0.883,0.0,0.0,0.0,0.0,0.0,0.0,0.0,0.0,0.0,0.0,0.0,0.0
2.386,0.281,1.541,1.36,1.748,0.006,0.18,0.778,0.0,0.0,0.0,0.0,0.0,0.0,0.0,0.0,0.0,0.0,0.0,0.0
1.713,0.194,1.366,1.301,0.626,0.0,0.005,0.152,0.0,0.0,0.0,0.0,0.0,0.0,0.0,0.0,0.0,0.0,0.0,0.0
0.67,0.0,0.018,0.299,1.743,0.294,1.558,1.119,0.0,0.0,0.0,0.0,0.0,0.0,0.0,0.0,0.0,0.0,0.0,0.0
1.675,0.457,1.039,0.934,0.893,0.257,0.881,0.409,0.0,0.0,0.0,0.0,0.0,0.0,0.0,0.0,0.0,0.0,0.0,0.0
0.637,0.0,0.007,0.183,2.927,0.073,1.136,2.399,0.0,0.0,0.0,0.0,0.0,0.0,0.0,0.0,0.0,0.0,0.0,0.0
3.232,0.373,2.231,1.977,0.747,0.003,0.119,0.659,0.0,0.0,0.0,0.0,0.0,0.0,0.0,0.0,0.0,0.0,0.0,0.0
0.613,0.0,0.004,0.121,3.008,0.169,1.662,2.219,0.0,0.0,0.0,0.0,0.0,0.0,0.0,0.0,0.0,0.0,0.0,0.0
0.746,0.003,0.116,0.653,3.223,0.353,2.193,2.005,0.0,0.0,0.0,0.0,0.0,0.0,0.0,0.0,0.0,0.0,0.0,0.0
2.121,0.026,0.464,1.452,1.761,0.37,1.655,1.002,0.0,0.0,0.0,0.0,0.0,0.0,0.0,0.0,0.0,0.0,0.0,0.0
3.479,1.493,2.696,1.113,0.773,0.007,0.202,0.754,0.0,0.0,0.0,0.0,0.0,0.0,0.0,0.0,0.0,0.0,0.0,0.0
3.207,0.356,2.196,1.955,0.727,0.001,0.076,0.565,0.0,0.0,0.0,0.0,0.0,0.0,0.0,0.0,0.0,0.0,0.0,0.0
3.56,0.945,3.479,1.734,0.785,0.011,0.251,0.782,0.0,0.0,0.0,0.0,0.0,0.0,0.0,0.0,0.0,0.0,0.0,0.0
3.417,0.798,2.744,1.793,0.825,0.039,0.473,0.774,0.0,0.0,0.0,0.0,0.0,0.0,0.0,0.0,0.0,0.0,0.0,0.0
2.52,0.114,1.115,1.505,0.513,0.0,0.0,0.013,0.0,0.0,0.0,0.0,0.0,0.0,0.0,0.0,0.0,0.0,0.0,0.0
0.836,0.054,0.545,0.742,1.531,0.221,0.868,0.657,0.664,0.0,0.016,0.278,0.0,0.0,0.0,0.0,0.0,0.0,0.0,0.0
4.256,0.317,2.539,2.75,0.664,0.0,0.016,0.277,0.0,0.0,0.0,0.0,0.0,0.0,0.0,0.0,0.0,0.0,0.0,0.0
3.821,0.272,1.529,1.361,0.727,0.001,0.077,0.567,0.0,0.0,0.0,0.0,0.0,0.0,0.0,0.0,0.0,0.0,0.0,0.0
4.442,0.538,3.038,2.335,0.701,0.001,0.041,0.438,0.0,0.0,0.0,0.0,0.0,0.0,0.0,0.0,0.0,0.0,0.0,0.0
4.406,0.439,2.851,2.55,0.698,0.0,0.038,0.425,0.0,0.0,0.0,0.0,0.0,0.0,0.0,0.0,0.0,0.0,0.0,0.0
4.343,0.238,2.266,3.009,0.719,0.001,0.064,0.527,0.0,0.0,0.0,0.0,0.0,0.0,0.0,0.0,0.0,0.0,0.0,0.0
1.714,0.198,1.377,1.292,0.721,0.001,0.067,0.539,1.637,0.064,0.86,1.574,0.0,0.0,0.0,0.0,0.0,0.0,0.0,0.0
1.415,0.125,0.744,0.629,0.673,0.0,0.02,0.314,1.208,0.054,0.546,0.741,0.0,0.0,0.0,0.0,0.0,0.0,0.0,0.0
1.931,0.003,0.125,0.823,2.849,0.016,0.487,2.151,2.153,0.12,0.742,0.802,0.0,0.0,0.0,0.0,0.0,0.0,0.0,0.0
1.472,0.321,0.904,0.393,0.766,0.006,0.174,0.73,1.18,0.0,0.008,0.214,0.0,0.0,0.0,0.0,0.0,0.0,0.0,0.0
1.709,0.185,1.343,1.319,0.929,0.0,0.0,0.017,0.688,0.0,0.03,0.378,0.0,0.0,0.0,0.0,0.0,0.0,0.0,0.0
1.72,0.0,0.029,0.399,1.843,0.05,0.529,0.794,2.543,0.001,0.106,1.213,0.0,0.0,0.0,0.0,0.0,0.0,0.0,0.0
9.983,0.821,2.958,3.784,2.614,0.01,0.391,2.031,0.519,0.0,0.0,0.015,0.0,0.0,0.0,0.0,0.0,0.0,0.0,0.0
3.142,0.121,1.314,2.292,1.547,0.366,0.914,0.491,1.176,0.494,0.883,0.214,0.0,0.0,0.0,0.0,0.0,0.0,0.0,0.0
3.078,0.194,1.383,1.625,0.506,0.0,0.0,0.011,0.954,0.0,0.007,0.178,0.0,0.0,0.0,0.0,0.0,0.0,0.0,0.0
1.563,0.284,0.909,0.661,1.076,0.002,0.085,0.588,1.336,0.02,0.346,0.82,0.0,0.0,0.0,0.0,0.0,0.0,0.0,0.0
1.478,0.206,0.85,0.555,1.053,0.0,0.001,0.053,0.0,0.0,0.0,0.0,0.0,0.0,0.0,0.0,0.0,0.0,0.0,0.0
2.511,0.543,1.828,1.334,2.194,0.073,0.915,1.59,0.0,0.0,0.0,0.0,0.0,0.0,0.0,0.0,0.0,0.0,0.0,0.0
2.418,0.337,1.628,1.336,2.003,0.017,0.445,1.537,0.0,0.0,0.0,0.0,0.0,0.0,0.0,0.0,0.0,0.0,0.0,0.0
1.72,0.215,1.413,1.26,0.625,0.0,0.005,0.15,0.0,0.0,0.0,0.0,0.0,0.0,0.0,0.0,0.0,0.0,0.0,0.0
1.515,0.008,0.296,1.403,0.414,0.0,0.0,0.001,0.0,0.0,0.0,0.0,0.0,0.0,0.0,0.0,0.0,0.0,0.0,0.0
0.507,0.0,0.0,0.011,1.434,0.008,0.224,1.014,0.0,0.0,0.0,0.0,0.0,0.0,0.0,0.0,0.0,0.0,0.0,0.0
0.54,0.0,0.0,0.026,1.67,0.318,1.084,1.091,0.0,0.0,0.0,0.0,0.0,0.0,0.0,0.0,0.0,0.0,0.0,0.0
1.582,0.181,0.865,0.955,0.597,0.0,0.002,0.09,0.0,0.0,0.0,0.0,0.0,0.0,0.0,0.0,0.0,0.0,0.0,0.0
0.56,0.0,0.001,0.041,1.682,0.322,1.13,1.122,0.0,0.0,0.0,0.0,0.0,0.0,0.0,0.0,0.0,0.0,0.0,0.0
1.379,0.066,0.591,0.739,0.582,0.0,0.001,0.066,0.0,0.0,0.0,0.0,0.0,0.0,0.0,0.0,0.0,0.0,0.0,0.0
0.643,0.0,0.009,0.202,1.624,0.221,0.953,1.068,0.0,0.0,0.0,0.0,0.0,0.0,0.0,0.0,0.0,0.0,0.0,0.0
3.641,1.517,3.626,1.173,0.827,0.042,0.486,0.769,0.0,0.0,0.0,0.0,0.0,0.0,0.0,0.0,0.0,0.0,0.0,0.0
3.324,0.187,2.045,3.032,0.842,0.064,0.583,0.72,0.0,0.0,0.0,0.0,0.0,0.0,0.0,0.0,0.0,0.0,0.0,0.0
0.673,0.0,0.02,0.315,3.249,0.105,1.568,3.18,0.0,0.0,0.0,0.0,0.0,0.0,0.0,0.0,0.0,0.0,0.0,0.0
3.151,0.272,2.002,2.066,0.704,0.001,0.045,0.456,0.0,0.0,0.0,0.0,0.0,0.0,0.0,0.0,0.0,0.0,0.0,0.0
1.823,0.001,0.07,0.694,1.696,0.153,1.251,1.386,0.0,0.0,0.0,0.0,0.0,0.0,0.0,0.0,0.0,0.0,0.0,0.0
0.898,0.288,0.894,0.376,0.811,0.025,0.384,0.796,0.0,0.0,0.0,0.0,0.0,0.0,0.0,0.0,0.0,0.0,0.0,0.0
3.032,0.147,1.565,2.283,0.661,0.0,0.015,0.266,0.0,0.0,0.0,0.0,0.0,0.0,0.0,0.0,0.0,0.0,0.0,0.0
0.648,0.0,0.01,0.219,2.99,0.115,1.403,2.341,0.0,0.0,0.0,0.0,0.0,0.0,0.0,0.0,0.0,0.0,0.0,0.0
0.9,0.299,0.898,0.364,1.66,0.396,1.026,0.943,0.804,0.02,0.347,0.799,0.0,0.0,0.0,0.0,0.0,0.0,0.0,0.0
3.04,0.157,1.35,2.098,0.852,0.087,0.656,0.671,1.287,0.095,0.679,0.655,0.0,0.0,0.0,0.0,0.0,0.0,0.0,0.0
4.343,0.335,2.592,2.75,0.693,0.0,0.034,0.401,0.0,0.0,0.0,0.0,0.0,0.0,0.0,0.0,0.0,0.0,0.0,0.0
0.648,0.0,0.01,0.217,4.955,0.239,2.863,4.633,0.0,0.0,0.0,0.0,0.0,0.0,0.0,0.0,0.0,0.0,0.0,0.0
5.247,0.954,4.778,3.24,0.734,0.002,0.091,0.602,0.0,0.0,0.0,0.0,0.0,0.0,0.0,0.0,0.0,0.0,0.0,0.0
4.331,0.424,2.807,2.538,0.677,0.0,0.022,0.33,0.0,0.0,0.0,0.0,0.0,0.0,0.0,0.0,0.0,0.0,0.0,0.0
4.21,0.177,2.0,3.084,0.684,0.0,0.027,0.359,0.0,0.0,0.0,0.0,0.0,0.0,0.0,0.0,0.0,0.0,0.0,0.0
1.743,0.296,1.561,1.116,1.376,0.043,0.493,0.797,0.709,0.001,0.051,0.481,0.0,0.0,0.0,0.0,0.0,0.0,0.0,0.0
2.709,0.005,0.256,1.75,1.748,0.001,0.064,0.554,1.961,0.055,0.552,0.819,0.0,0.0,0.0,0.0,0.0,0.0,0.0,0.0
2.691,0.005,0.237,1.686,1.734,0.001,0.055,0.522,1.937,0.052,0.537,0.818,0.0,0.0,0.0,0.0,0.0,0.0,0.0,0.0
0.502,0.0,0.0,0.01,1.551,0.058,0.614,1.234,1.638,0.064,0.864,1.573,0.0,0.0,0.0,0.0,0.0,0.0,0.0,0.0
0.0,0.0,0.0,0.0,0.63,0.0,0.006,0.164,3.995,0.14,1.8,3.129,0.0,0.0,0.0,0.0,0.0,0.0,0.0,0.0
0.732,0.002,0.086,0.592,1.286,0.106,0.704,0.633,0.0,0.0,0.0,0.0,0.0,0.0,0.0,0.0,0.0,0.0,0.0,0.0
0.849,0.079,0.634,0.688,1.473,0.127,0.749,0.702,0.0,0.0,0.0,0.0,0.0,0.0,0.0,0.0,0.0,0.0,0.0,0.0
5.215,0.784,1.902,1.602,0.704,0.001,0.045,0.455,0.0,0.0,0.0,0.0,0.0,0.0,0.0,0.0,0.0,0.0,0.0,0.0
5.425,0.262,2.678,4.297,1.614,0.529,0.899,0.57,0.0,0.0,0.0,0.0,0.0,0.0,0.0,0.0,0.0,0.0,0.0,0.0
7.463,0.133,2.049,5.118,1.644,0.381,0.996,0.892,2.263,0.411,1.005,0.896,0.0,0.0,0.0,0.0,0.0,0.0,0.0,0.0
0.372,0.0,0.0,0.0,3.203,0.081,1.177,2.374,0.589,0.0,0.002,0.075,0.0,0.0,0.0,0.0,0.0,0.0,0.0,0.0
4.149,0.944,0.582,1.402,3.551,0.014,0.39,1.623,1.278,0.343,0.906,0.323,0.771,0.007,0.194,0.748,0.0,0.0,0.0,0.0
1.012,0.035,0.449,0.782,1.551,0.383,0.914,0.484,1.214,0.266,0.886,0.399,1.344,0.019,0.337,0.825,0.0,0.0,0.0,0.0
1.576,0.323,0.923,0.656,0.95,0.001,0.049,0.474,1.384,0.027,0.401,0.846,0.0,0.0,0.0,0.0,0.0,0.0,0.0,0.0
0.781,0.0,0.001,0.054,2.508,0.553,1.83,1.292,1.057,0.001,0.063,0.525,2.138,0.053,0.781,1.6,0.0,0.0,0.0,0.0
1.6,0.41,0.932,0.638,1.447,0.044,0.502,0.895,0.0,0.0,0.0,0.0,0.0,0.0,0.0,0.0,0.0,0.0,0.0,0.0
1.498,0.244,0.877,0.531,1.289,0.01,0.235,0.785,0.0,0.0,0.0,0.0,0.0,0.0,0.0,0.0,0.0,0.0,0.0,0.0
2.509,0.566,1.841,1.268,1.082,0.003,0.111,0.644,2.056,0.03,0.592,1.591,0.0,0.0,0.0,0.0,0.0,0.0,0.0,0.0
0.701,0.001,0.041,0.439,1.771,0.423,1.704,0.928,0.0,0.0,0.0,0.0,0.0,0.0,0.0,0.0,0.0,0.0,0.0,0.0
0.62,0.0,0.004,0.136,1.72,0.215,1.415,1.26,0.0,0.0,0.0,0.0,0.0,0.0,0.0,0.0,0.0,0.0,0.0,0.0
0.71,0.001,0.052,0.484,1.776,0.448,1.723,0.897,0.0,0.0,0.0,0.0,0.0,0.0,0.0,0.0,0.0,0.0,0.0,0.0
0.695,0.0,0.036,0.413,1.766,0.398,1.682,0.963,0.0,0.0,0.0,0.0,0.0,0.0,0.0,0.0,0.0,0.0,0.0,0.0
1.556,0.098,0.724,1.085,0.589,0.0,0.002,0.076,0.0,0.0,0.0,0.0,0.0,0.0,0.0,0.0,0.0,0.0,0.0,0.0
1.683,0.127,1.165,1.442,0.59,0.0,0.002,0.078,0.0,0.0,0.0,0.0,0.0,0.0,0.0,0.0,0.0,0.0,0.0,0.0
1.469,0.127,0.75,0.694,0.536,0.0,0.0,0.023,0.0,0.0,0.0,0.0,0.0,0.0,0.0,0.0,0.0,0.0,0.0,0.0
3.532,0.792,3.361,1.93,0.766,0.006,0.174,0.73,0.0,0.0,0.0,0.0,0.0,0.0,0.0,0.0,0.0,0.0,0.0,0.0
0.716,0.001,0.06,0.514,3.363,0.25,2.312,2.894,0.0,0.0,0.0,0.0,0.0,0.0,0.0,0.0,0.0,0.0,0.0,0.0
2.99,0.482,1.82,1.426,0.68,0.0,0.024,0.341,0.0,0.0,0.0,0.0,0.0,0.0,0.0,0.0,0.0,0.0,0.0,0.0
0.529,0.0,0.0,0.02,2.566,0.135,1.193,1.476,0.0,0.0,0.0,0.0,0.0,0.0,0.0,0.0,0.0,0.0,0.0,0.0
0.545,0.0,0.0,0.029,2.613,0.164,1.286,1.43,0.0,0.0,0.0,0.0,0.0,0.0,0.0,0.0,0.0,0.0,0.0,0.0
3.491,0.609,3.148,2.203,0.726,0.001,0.074,0.56,0.0,0.0,0.0,0.0,0.0,0.0,0.0,0.0,0.0,0.0,0.0,0.0
3.578,1.055,3.539,1.607,0.798,0.017,0.313,0.797,0.0,0.0,0.0,0.0,0.0,0.0,0.0,0.0,0.0,0.0,0.0,0.0
0.671,0.0,0.019,0.304,3.03,0.135,1.511,2.311,0.0,0.0,0.0,0.0,0.0,0.0,0.0,0.0,0.0,0.0,0.0,0.0
0.513,0.0,0.0,0.013,2.519,0.112,1.104,1.514,0.0,0.0,0.0,0.0,0.0,0.0,0.0,0.0,0.0,0.0,0.0,0.0
3.401,1.181,2.733,1.125,0.736,0.002,0.094,0.61,0.0,0.0,0.0,0.0,0.0,0.0,0.0,0.0,0.0,0.0,0.0,0.0
0.642,0.0,0.008,0.199,2.917,0.065,1.073,2.404,0.0,0.0,0.0,0.0,0.0,0.0,0.0,0.0,0.0,0.0,0.0,0.0
3.224,0.42,2.31,1.839,0.72,0.001,0.065,0.531,0.0,0.0,0.0,0.0,0.0,0.0,0.0,0.0,0.0,0.0,0.0,0.0
2.755,0.978,0.461,1.042,1.968,0.027,0.491,1.452,1.345,0.203,0.845,0.479,0.0,0.0,0.0,0.0,0.0,0.0,0.0,0.0
1.416,0.038,0.467,0.857,0.896,0.271,0.888,0.393,1.631,0.27,0.98,1.005,0.809,0.024,0.373,0.797,0.0,0.0,0.0,0.0
0.608,0.0,0.003,0.11,4.141,0.159,1.906,3.093,0.0,0.0,0.0,0.0,0.0,0.0,0.0,0.0,0.0,0.0,0.0,0.0
0.662,0.0,0.015,0.27,4.189,0.21,2.152,2.994,0.0,0.0,0.0,0.0,0.0,0.0,0.0,0.0,0.0,0.0,0.0,0.0
4.072,0.147,1.836,3.12,0.637,0.0,0.007,0.182,0.0,0.0,0.0,0.0,0.0,0.0,0.0,0.0,0.0,0.0,0.0,0.0
4.508,0.391,2.746,2.781,0.75,0.003,0.127,0.671,0.0,0.0,0.0,0.0,0.0,0.0,0.0,0.0,0.0,0.0,0.0,0.0
0.592,0.0,0.002,0.08,3.762,0.108,1.362,2.35,0.0,0.0,0.0,0.0,0.0,0.0,0.0,0.0,0.0,0.0,0.0,0.0
4.208,0.177,2.001,3.073,0.685,0.0,0.027,0.364,0.0,0.0,0.0,0.0,0.0,0.0,0.0,0.0,0.0,0.0,0.0,0.0
0.658,0.0,0.013,0.252,1.664,0.096,1.036,1.51,1.329,0.026,0.395,0.809,0.0,0.0,0.0,0.0,0.0,0.0,0.0,0.0
1.276,0.089,0.662,0.667,0.688,0.0,0.03,0.378,0.92,0.0,0.0,0.017,0.0,0.0,0.0,0.0,0.0,0.0,0.0,0.0
0.476,0.0,0.0,0.005,1.61,0.041,0.699,1.598,1.474,0.04,0.489,0.988,0.0,0.0,0.0,0.0,0.0,0.0,0.0,0.0
1.819,0.0,0.038,0.502,2.175,0.08,0.637,0.754,2.593,0.002,0.14,1.352,0.0,0.0,0.0,0.0,0.0,0.0,0.0,0.0
3.456,1.195,2.757,1.38,0.79,0.013,0.275,0.79,0.0,0.0,0.0,0.0,0.0,0.0,0.0,0.0,0.0,0.0,0.0,0.0
0.362,0.0,0.0,0.0,1.243,0.005,0.157,0.717,1.188,0.015,0.299,0.795,0.0,0.0,0.0,0.0,0.0,0.0,0.0,0.0
7.351,2.151,3.497,1.384,0.735,0.0,0.04,0.432,0.948,0.0,0.0,0.024,0.0,0.0,0.0,0.0,0.0,0.0,0.0,0.0
2.258,0.118,1.121,1.528,0.73,0.002,0.081,0.579,0.476,0.0,0.0,0.005,0.0,0.0,0.0,0.0,0.0,0.0,0.0,0.0
1.507,0.027,0.43,1.201,6.333,1.793,3.52,1.513,1.835,0.012,0.301,1.258,0.0,0.0,0.0,0.0,0.0,0.0,0.0,0.0
0.818,0.0,0.003,0.101,2.52,0.551,1.856,1.35,1.091,0.003,0.115,0.652,2.154,0.057,0.802,1.591,0.0,0.0,0.0,0.0
1.622,0.05,0.768,1.592,0.512,0.0,0.0,0.013,0.0,0.0,0.0,0.0,0.0,0.0,0.0,0.0,0.0,0.0,0.0,0.0
0.467,0.0,0.0,0.004,1.574,0.023,0.519,1.57,0.0,0.0,0.0,0.0,0.0,0.0,0.0,0.0,0.0,0.0,0.0,0.0
1.683,0.128,1.166,1.441,0.592,0.0,0.002,0.081,0.0,0.0,0.0,0.0,0.0,0.0,0.0,0.0,0.0,0.0,0.0,0.0
0.396,0.0,0.0,0.0,1.641,0.298,1.003,1.004,0.0,0.0,0.0,0.0,0.0,0.0,0.0,0.0,0.0,0.0,0.0,0.0
0.316,0.0,0.0,0.0,1.572,0.206,0.877,0.849,0.0,0.0,0.0,0.0,0.0,0.0,0.0,0.0,0.0,0.0,0.0,0.0
1.677,0.117,1.124,1.465,0.686,0.0,0.028,0.37,0.0,0.0,0.0,0.0,0.0,0.0,0.0,0.0,0.0,0.0,0.0,0.0
3.34,1.073,2.724,1.062,0.689,0.0,0.03,0.381,0.0,0.0,0.0,0.0,0.0,0.0,0.0,0.0,0.0,0.0,0.0,0.0
1.61,0.043,0.703,1.591,0.537,0.0,0.0,0.024,0.0,0.0,0.0,0.0,0.0,0.0,0.0,0.0,0.0,0.0,0.0,0.0
0.694,0.0,0.035,0.406,3.103,0.203,1.791,2.189,0.0,0.0,0.0,0.0,0.0,0.0,0.0,0.0,0.0,0.0,0.0,0.0
0.738,0.002,0.099,0.62,2.97,0.05,0.946,2.448,0.0,0.0,0.0,0.0,0.0,0.0,0.0,0.0,0.0,0.0,0.0,0.0
3.459,1.141,2.798,1.448,0.805,0.021,0.352,0.799,0.0,0.0,0.0,0.0,0.0,0.0,0.0,0.0,0.0,0.0,0.0,0.0
0.7,0.001,0.04,0.436,3.06,0.139,1.531,2.324,0.0,0.0,0.0,0.0,0.0,0.0,0.0,0.0,0.0,0.0,0.0,0.0
3.362,0.247,2.303,2.9,0.835,0.053,0.54,0.744,0.0,0.0,0.0,0.0,0.0,0.0,0.0,0.0,0.0,0.0,0.0,0.0
0.71,0.001,0.051,0.482,3.115,0.201,1.784,2.212,0.0,0.0,0.0,0.0,0.0,0.0,0.0,0.0,0.0,0.0,0.0,0.0
0.692,0.0,0.033,0.395,3.306,0.162,1.923,3.083,0.0,0.0,0.0,0.0,0.0,0.0,0.0,0.0,0.0,0.0,0.0,0.0
2.798,0.304,1.583,1.316,0.608,0.0,0.003,0.111,0.0,0.0,0.0,0.0,0.0,0.0,0.0,0.0,0.0,0.0,0.0,0.0
3.22,0.985,0.708,1.998,2.459,0.133,1.372,2.212,1.594,0.306,0.934,0.762,0.0,0.0,0.0,0.0,0.0,0.0,0.0,0.0
4.178,0.197,2.095,3.024,0.661,0.0,0.015,0.267,0.0,0.0,0.0,0.0,0.0,0.0,0.0,0.0,0.0,0.0,0.0,0.0
0.684,0.0,0.027,0.361,4.302,0.302,2.49,2.808,0.0,0.0,0.0,0.0,0.0,0.0,0.0,0.0,0.0,0.0,0.0,0.0
0.638,0.0,0.007,0.186,4.093,0.173,1.978,3.063,0.0,0.0,0.0,0.0,0.0,0.0,0.0,0.0,0.0,0.0,0.0,0.0
4.106,0.113,1.629,3.191,0.67,0.0,0.019,0.302,0.0,0.0,0.0,0.0,0.0,0.0,0.0,0.0,0.0,0.0,0.0,0.0
5.087,0.459,3.754,4.159,0.711,0.001,0.052,0.486,0.0,0.0,0.0,0.0,0.0,0.0,0.0,0.0,0.0,0.0,0.0,0.0
0.679,0.0,0.023,0.338,1.653,0.082,0.965,1.54,1.617,0.046,0.74,1.595,0.0,0.0,0.0,0.0,0.0,0.0,0.0,0.0
1.381,0.149,0.782,0.568,1.408,0.071,0.608,0.749,0.707,0.001,0.048,0.469,0.0,0.0,0.0,0.0,0.0,0.0,0.0,0.0
1.365,0.144,0.775,0.572,0.959,0.0,0.0,0.016,0.721,0.001,0.066,0.535,0.0,0.0,0.0,0.0,0.0,0.0,0.0,0.0
1.832,0.001,0.069,0.615,2.743,0.008,0.309,1.837,2.015,0.082,0.646,0.79,0.0,0.0,0.0,0.0,0.0,0.0,0.0,0.0
1.422,0.002,0.105,0.975,5.141,0.593,4.123,3.882,0.735,0.002,0.092,0.605,0.0,0.0,0.0,0.0,0.0,0.0,0.0,0.0
1.441,0.002,0.133,1.071,5.155,0.63,4.211,3.807,0.745,0.003,0.113,0.648,0.0,0.0,0.0,0.0,0.0,0.0,0.0,0.0
